{"type":"FeatureCollection","features":[{"type":"Feature","properties":{"key":"trans-nzoia","name":"Trans Nzoia","country":"Kenya"},"geometry":{"type":"Polygon","coordinates":[[[34.82,1.26],[34.82,1.25],[34.81,1.25],[34.81,1.24],[34.81,1.23],[34.8,1.23],[34.8,1.22],[34.79,1.22],[34.78,1.22],[34.77,1.22],[34.76,1.22],[34.75,1.22],[34.74,1.22],[34.73,1.22],[34.72,1.22],[34.71,1.22],[34.71,1.21],[34.7,1.22],[34.7,1.21],[34.69,1.21],[34.68,1.21],[34.67,1.21],[34.67,1.2],[34.67,1.19],[34.66,1.19],[34.66,1.18],[34.65,1.18],[34.64,1.18],[34.64,1.17],[34.63,1.17],[34.62,1.17],[34.62,1.16],[34.61,1.16],[34.6,1.16],[34.6,1.15],[34.59,1.15],[34.58,1.15],[34.61,1.11],[34.62,1.11],[34.62,1.1],[34.63,1.1],[34.63,1.09],[34.64,1.09],[34.65,1.09],[34.65,1.08],[34.66,1.09],[34.66,1.08],[34.65,1.06],[34.66,1.05],[34.69,1.0],[34.74,0.94],[34.77,0.92],[34.78,0.92],[34.79,0.92],[34.79,0.91],[34.8,0.91],[34.8,0.9],[34.79,0.9],[34.79,0.89],[34.79,0.88],[34.79,0.87],[34.8,0.87],[34.8,0.86],[34.79,0.86],[34.8,0.86],[34.8,0.85],[34.8,0.84],[34.81,0.84],[34.81,0.83],[34.81,0.82],[34.81,0.81],[34.81,0.8],[34.87,0.83],[34.91,0.85],[34.92,0.85],[34.93,0.85],[34.93,0.86],[34.94,0.86],[34.93,0.86],[34.94,0.86],[34.94,0.87],[34.95,0.87],[34.96,0.87],[34.96,0.88],[34.99,0.89],[34.98,0.88],[35.02,0.89],[35.03,0.89],[35.03,0.9],[35.04,0.9],[35.05,0.9],[35.06,0.9],[35.07,0.9],[35.08,0.9],[35.08,0.89],[35.08,0.88],[35.09,0.88],[35.1,0.88],[35.1,0.87],[35.11,0.88],[35.12,0.88],[35.12,0.89],[35.11,0.89],[35.11,0.9],[35.12,0.9],[35.12,0.91],[35.13,0.91],[35.13,0.92],[35.14,0.92],[35.15,0.92],[35.16,0.92],[35.17,0.92],[35.18,0.92],[35.19,0.92],[35.2,0.92],[35.21,0.92],[35.22,0.92],[35.23,0.92],[35.23,0.93],[35.24,0.93],[35.25,0.93],[35.25,0.94],[35.26,0.94],[35.26,0.93],[35.27,0.93],[35.27,0.92],[35.28,0.92],[35.29,0.92],[35.29,0.91],[35.3,0.91],[35.3,0.9],[35.3,0.89],[35.31,0.89],[35.33,0.93],[35.35,0.92],[35.36,0.94],[35.34,0.95],[35.34,0.96],[35.34,0.97],[35.35,0.98],[35.34,1.0],[35.34,1.01],[35.36,1.01],[35.36,1.02],[35.32,1.03],[35.28,1.06],[35.24,1.07],[35.22,1.12],[35.2,1.12],[35.18,1.15],[35.16,1.18],[35.15,1.2],[35.12,1.18],[35.12,1.19],[35.11,1.19],[35.09,1.18],[35.08,1.17],[35.08,1.18],[35.07,1.18],[35.06,1.18],[35.05,1.18],[35.05,1.19],[35.04,1.19],[35.04,1.2],[35.04,1.22],[35.02,1.23],[35.02,1.24],[35.02,1.25],[35.01,1.25],[34.99,1.26],[34.97,1.25],[34.94,1.25],[34.91,1.25],[34.91,1.28],[34.83,1.27],[34.82,1.26]]]}},{"type":"Feature","properties":{"key":"bungoma","name":"Bungoma","country":"Kenya"},"geometry":{"type":"Polygon","coordinates":[[[34.58,1.15],[34.58,1.1],[34.53,1.12],[34.53,1.11],[34.53,1.1],[34.52,1.1],[34.52,1.09],[34.52,1.08],[34.51,1.08],[34.51,1.07],[34.5,1.07],[34.5,1.06],[34.5,1.05],[34.49,1.05],[34.49,1.04],[34.49,1.03],[34.49,1.02],[34.49,1.01],[34.49,1.0],[34.49,0.99],[34.49,0.98],[34.49,0.97],[34.48,0.97],[34.48,0.96],[34.48,0.95],[34.48,0.94],[34.48,0.93],[34.47,0.93],[34.47,0.92],[34.46,0.91],[34.46,0.9],[34.45,0.9],[34.45,0.89],[34.45,0.88],[34.45,0.87],[34.45,0.86],[34.44,0.86],[34.43,0.86],[34.43,0.85],[34.42,0.85],[34.42,0.84],[34.41,0.84],[34.41,0.83],[34.41,0.82],[34.41,0.81],[34.4,0.81],[34.4,0.8],[34.39,0.8],[34.39,0.81],[34.39,0.8],[34.38,0.8],[34.38,0.79],[34.38,0.8],[34.37,0.8],[34.38,0.79],[34.37,0.79],[34.37,0.78],[34.36,0.78],[34.37,0.77],[34.38,0.77],[34.39,0.77],[34.39,0.76],[34.4,0.76],[34.41,0.76],[34.41,0.77],[34.42,0.77],[34.42,0.76],[34.43,0.76],[34.43,0.75],[34.43,0.74],[34.43,0.73],[34.42,0.73],[34.41,0.73],[34.4,0.73],[34.4,0.72],[34.41,0.72],[34.41,0.71],[34.42,0.69],[34.41,0.68],[34.42,0.66],[34.41,0.66],[34.41,0.65],[34.4,0.65],[34.39,0.65],[34.39,0.64],[34.38,0.64],[34.38,0.63],[34.38,0.62],[34.38,0.61],[34.37,0.61],[34.37,0.6],[34.37,0.59],[34.37,0.58],[34.38,0.58],[34.37,0.58],[34.37,0.57],[34.37,0.56],[34.37,0.55],[34.38,0.55],[34.38,0.54],[34.39,0.54],[34.39,0.53],[34.4,0.53],[34.4,0.52],[34.41,0.51],[34.41,0.5],[34.4,0.5],[34.39,0.5],[34.39,0.49],[34.39,0.47],[34.4,0.47],[34.4,0.48],[34.41,0.48],[34.42,0.48],[34.42,0.47],[34.43,0.47],[34.43,0.46],[34.44,0.46],[34.44,0.47],[34.45,0.47],[34.46,0.47],[34.47,0.47],[34.47,0.48],[34.48,0.48],[34.49,0.48],[34.49,0.47],[34.49,0.46],[34.5,0.46],[34.51,0.45],[34.52,0.45],[34.53,0.45],[34.53,0.44],[34.53,0.45],[34.54,0.45],[34.54,0.46],[34.54,0.47],[34.55,0.47],[34.56,0.46],[34.57,0.46],[34.58,0.46],[34.58,0.45],[34.58,0.44],[34.58,0.43],[34.59,0.43],[34.59,0.42],[34.59,0.43],[34.59,0.44],[34.59,0.45],[34.59,0.44],[34.6,0.44],[34.6,0.45],[34.61,0.45],[34.61,0.44],[34.62,0.44],[34.62,0.45],[34.62,0.46],[34.63,0.46],[34.63,0.45],[34.64,0.45],[34.65,0.45],[34.66,0.45],[34.66,0.46],[34.67,0.46],[34.67,0.47],[34.68,0.47],[34.68,0.48],[34.68,0.49],[34.69,0.49],[34.69,0.48],[34.69,0.49],[34.69,0.5],[34.7,0.5],[34.7,0.51],[34.71,0.51],[34.71,0.5],[34.71,0.51],[34.72,0.51],[34.73,0.51],[34.73,0.52],[34.74,0.52],[34.74,0.53],[34.74,0.54],[34.75,0.54],[34.75,0.53],[34.75,0.54],[34.76,0.54],[34.76,0.55],[34.76,0.56],[34.77,0.56],[34.77,0.57],[34.78,0.57],[34.78,0.58],[34.79,0.58],[34.8,0.58],[34.8,0.59],[34.81,0.59],[34.8,0.59],[34.8,0.6],[34.8,0.61],[34.81,0.61],[34.81,0.62],[34.82,0.62],[34.83,0.62],[34.83,0.63],[34.83,0.64],[34.83,0.65],[34.84,0.65],[34.84,0.66],[34.84,0.67],[34.85,0.67],[34.86,0.67],[34.86,0.68],[34.87,0.68],[34.88,0.68],[34.88,0.69],[34.89,0.69],[34.9,0.69],[34.9,0.68],[34.91,0.68],[34.91,0.69],[34.92,0.69],[34.92,0.7],[34.93,0.7],[34.93,0.71],[34.93,0.72],[34.92,0.72],[34.92,0.73],[34.93,0.73],[34.93,0.74],[34.94,0.74],[34.94,0.75],[34.95,0.75],[34.96,0.75],[34.97,0.75],[34.98,0.75],[34.98,0.76],[34.98,0.75],[34.99,0.75],[34.99,0.74],[35.0,0.74],[35.0,0.75],[35.0,0.74],[35.0,0.75],[35.01,0.75],[35.02,0.75],[35.02,0.74],[35.03,0.74],[35.03,0.75],[35.04,0.75],[35.04,0.76],[35.05,0.76],[35.06,0.76],[35.06,0.77],[35.07,0.77],[35.06,0.77],[35.07,0.77],[35.06,0.77],[35.06,0.78],[35.07,0.78],[35.06,0.78],[35.07,0.78],[35.06,0.78],[35.06,0.79],[35.06,0.8],[35.05,0.8],[35.05,0.81],[35.04,0.81],[35.04,0.82],[35.03,0.82],[35.03,0.83],[35.02,0.83],[35.02,0.84],[35.03,0.84],[35.02,0.84],[35.02,0.85],[35.02,0.86],[35.01,0.86],[35.01,0.87],[35.02,0.87],[35.02,0.88],[35.02,0.89],[34.98,0.88],[34.99,0.89],[34.96,0.88],[34.96,0.87],[34.95,0.87],[34.94,0.87],[34.94,0.86],[34.93,0.86],[34.94,0.86],[34.93,0.86],[34.93,0.85],[34.92,0.85],[34.91,0.85],[34.87,0.83],[34.81,0.8],[34.81,0.81],[34.81,0.82],[34.81,0.83],[34.81,0.84],[34.8,0.84],[34.8,0.85],[34.8,0.86],[34.79,0.86],[34.8,0.86],[34.8,0.87],[34.79,0.87],[34.79,0.88],[34.79,0.89],[34.79,0.9],[34.8,0.9],[34.8,0.91],[34.79,0.91],[34.79,0.92],[34.78,0.92],[34.77,0.92],[34.74,0.94],[34.69,1.0],[34.66,1.05],[34.65,1.06],[34.66,1.08],[34.66,1.09],[34.65,1.08],[34.65,1.09],[34.64,1.09],[34.63,1.09],[34.63,1.1],[34.62,1.1],[34.62,1.11],[34.61,1.11],[34.58,1.15]]]}},{"type":"Feature","properties":{"key":"makueni","name":"Makueni","country":"Kenya"},"geometry":{"type":"Polygon","coordinates":[[[37.75,-1.57],[37.74,-1.57],[37.73,-1.58],[37.73,-1.6],[37.72,-1.6],[37.72,-1.61],[37.71,-1.61],[37.71,-1.6],[37.71,-1.59],[37.7,-1.59],[37.7,-1.58],[37.7,-1.59],[37.69,-1.59],[37.69,-1.58],[37.68,-1.59],[37.68,-1.6],[37.68,-1.61],[37.68,-1.62],[37.68,-1.63],[37.67,-1.63],[37.67,-1.64],[37.66,-1.64],[37.66,-1.65],[37.66,-1.64],[37.66,-1.63],[37.65,-1.63],[37.65,-1.62],[37.64,-1.62],[37.64,-1.61],[37.64,-1.6],[37.64,-1.59],[37.63,-1.59],[37.63,-1.58],[37.62,-1.58],[37.62,-1.57],[37.62,-1.56],[37.61,-1.56],[37.61,-1.57],[37.61,-1.56],[37.6,-1.56],[37.6,-1.55],[37.59,-1.55],[37.59,-1.56],[37.58,-1.56],[37.58,-1.57],[37.57,-1.57],[37.57,-1.56],[37.56,-1.56],[37.55,-1.56],[37.56,-1.56],[37.56,-1.55],[37.55,-1.55],[37.55,-1.54],[37.54,-1.54],[37.53,-1.54],[37.52,-1.54],[37.52,-1.53],[37.51,-1.53],[37.51,-1.52],[37.51,-1.53],[37.5,-1.53],[37.5,-1.52],[37.49,-1.52],[37.48,-1.52],[37.47,-1.52],[37.46,-1.52],[37.45,-1.52],[37.45,-1.53],[37.44,-1.53],[37.43,-1.53],[37.42,-1.53],[37.41,-1.53],[37.41,-1.52],[37.4,-1.52],[37.39,-1.52],[37.38,-1.52],[37.37,-1.53],[37.36,-1.53],[37.35,-1.55],[37.34,-1.55],[37.33,-1.56],[37.34,-1.57],[37.35,-1.57],[37.35,-1.58],[37.36,-1.58],[37.36,-1.59],[37.37,-1.59],[37.37,-1.6],[37.37,-1.61],[37.38,-1.62],[37.38,-1.63],[37.39,-1.63],[37.39,-1.64],[37.39,-1.65],[37.4,-1.65],[37.4,-1.66],[37.4,-1.67],[37.41,-1.67],[37.41,-1.68],[37.41,-1.69],[37.4,-1.69],[37.4,-1.7],[37.39,-1.7],[37.38,-1.7],[37.37,-1.7],[37.37,-1.71],[37.37,-1.7],[37.36,-1.7],[37.36,-1.71],[37.35,-1.71],[37.35,-1.7],[37.34,-1.71],[37.32,-1.71],[37.32,-1.7],[37.31,-1.7],[37.29,-1.72],[37.3,-1.75],[37.29,-1.75],[37.29,-1.76],[37.28,-1.76],[37.28,-1.77],[37.26,-1.76],[37.26,-1.75],[37.24,-1.74],[37.23,-1.76],[37.22,-1.77],[37.21,-1.77],[37.21,-1.78],[37.2,-1.78],[37.16,-1.78],[37.16,-1.79],[37.15,-1.79],[37.15,-1.8],[37.15,-1.81],[37.14,-1.81],[37.14,-1.82],[37.15,-1.82],[37.14,-1.82],[37.14,-1.83],[37.15,-1.83],[37.14,-1.83],[37.14,-1.84],[37.15,-1.84],[37.15,-1.85],[37.16,-1.85],[37.16,-1.86],[37.16,-1.87],[37.16,-1.88],[37.15,-1.88],[37.15,-1.89],[37.16,-1.89],[37.16,-1.9],[37.16,-1.91],[37.17,-1.91],[37.17,-1.92],[37.18,-1.92],[37.18,-1.93],[37.19,-1.93],[37.19,-1.94],[37.2,-1.93],[37.2,-1.94],[37.21,-1.94],[37.21,-1.93],[37.22,-1.93],[37.23,-1.93],[37.23,-1.94],[37.24,-1.94],[37.24,-1.95],[37.25,-1.95],[37.26,-1.96],[37.27,-1.96],[37.27,-1.97],[37.28,-1.98],[37.28,-1.99],[37.28,-2.0],[37.29,-2.0],[37.3,-2.01],[37.3,-2.0],[37.31,-2.0],[37.31,-2.01],[37.36,-2.01],[37.37,-2.02],[37.45,-2.07],[37.54,-2.11],[37.54,-2.12],[37.55,-2.12],[37.55,-2.13],[37.56,-2.13],[37.57,-2.13],[37.57,-2.14],[37.59,-2.15],[37.6,-2.15],[37.61,-2.16],[37.62,-2.16],[37.66,-2.15],[37.69,-2.16],[37.7,-2.16],[37.7,-2.17],[37.71,-2.18],[37.72,-2.19],[37.71,-2.19],[37.7,-2.2],[37.7,-2.21],[37.69,-2.21],[37.69,-2.22],[37.68,-2.22],[37.68,-2.23],[37.67,-2.23],[37.68,-2.23],[37.67,-2.23],[37.68,-2.24],[37.67,-2.24],[37.68,-2.24],[37.68,-2.25],[37.68,-2.26],[37.68,-2.27],[37.67,-2.27],[37.68,-2.27],[37.67,-2.27],[37.67,-2.28],[37.67,-2.29],[37.66,-2.29],[37.65,-2.29],[37.65,-2.3],[37.64,-2.3],[37.63,-2.3],[37.63,-2.29],[37.63,-2.3],[37.62,-2.3],[37.61,-2.3],[37.61,-2.31],[37.6,-2.31],[37.85,-2.6],[37.88,-2.66],[37.89,-2.67],[37.9,-2.7],[37.92,-2.7],[37.93,-2.72],[37.93,-2.74],[37.92,-2.74],[37.93,-2.76],[37.93,-2.77],[37.94,-2.77],[37.94,-2.78],[37.97,-2.79],[38.1,-2.72],[38.11,-2.72],[38.11,-2.71],[38.12,-2.71],[38.12,-2.7],[38.13,-2.7],[38.14,-2.7],[38.15,-2.7],[38.16,-2.7],[38.16,-2.69],[38.16,-2.68],[38.16,-2.69],[38.17,-2.69],[38.17,-2.7],[38.18,-2.7],[38.2,-2.71],[38.22,-2.73],[38.24,-2.74],[38.26,-2.76],[38.27,-2.77],[38.28,-2.78],[38.29,-2.8],[38.31,-2.83],[38.32,-2.83],[38.33,-2.85],[38.34,-2.87],[38.35,-2.89],[38.36,-2.89],[38.38,-2.91],[38.38,-2.92],[38.39,-2.92],[38.4,-2.93],[38.41,-2.93],[38.42,-2.94],[38.43,-2.95],[38.43,-2.96],[38.44,-2.96],[38.45,-2.97],[38.45,-2.98],[38.46,-2.99],[38.47,-2.99],[38.47,-2.98],[38.47,-2.99],[38.48,-2.99],[38.48,-2.98],[38.49,-2.98],[38.5,-2.98],[38.51,-2.98],[38.52,-2.98],[38.52,-2.97],[38.51,-2.97],[38.51,-2.96],[38.51,-2.97],[38.5,-2.97],[38.5,-2.96],[38.49,-2.96],[38.49,-2.95],[38.49,-2.94],[38.48,-2.94],[38.47,-2.93],[38.47,-2.92],[38.47,-2.91],[38.46,-2.91],[38.46,-2.9],[38.46,-2.89],[38.45,-2.89],[38.45,-2.88],[38.44,-2.88],[38.44,-2.87],[38.45,-2.87],[38.44,-2.87],[38.44,-2.86],[38.44,-2.85],[38.44,-2.86],[38.43,-2.86],[38.43,-2.85],[38.43,-2.84],[38.43,-2.83],[38.43,-2.82],[38.42,-2.82],[38.42,-2.81],[38.42,-2.8],[38.42,-2.79],[38.43,-2.79],[38.43,-2.78],[38.43,-2.77],[38.42,-2.77],[38.42,-2.76],[38.42,-2.75],[38.41,-2.75],[38.41,-2.74],[38.41,-2.73],[38.4,-2.73],[38.4,-2.72],[38.4,-2.71],[38.4,-2.7],[38.39,-2.7],[38.39,-2.69],[38.39,-2.68],[38.38,-2.68],[38.38,-2.67],[38.38,-2.66],[38.37,-2.66],[38.37,-2.65],[38.37,-2.64],[38.36,-2.64],[38.36,-2.63],[38.36,-2.62],[38.36,-2.61],[38.35,-2.61],[38.35,-2.6],[38.35,-2.59],[38.34,-2.59],[38.34,-2.58],[38.33,-2.58],[38.33,-2.57],[38.33,-2.56],[38.34,-2.56],[38.34,-2.55],[38.33,-2.55],[38.32,-2.55],[38.32,-2.54],[38.32,-2.53],[38.32,-2.52],[38.32,-2.51],[38.31,-2.51],[38.31,-2.5],[38.3,-2.5],[38.3,-2.49],[38.29,-2.49],[38.29,-2.48],[38.29,-2.47],[38.28,-2.47],[38.28,-2.46],[38.28,-2.45],[38.28,-2.44],[38.28,-2.43],[38.27,-2.43],[38.27,-2.42],[38.26,-2.42],[38.25,-2.42],[38.25,-2.41],[38.24,-2.41],[38.23,-2.41],[38.23,-2.4],[38.22,-2.4],[38.22,-2.39],[38.22,-2.38],[38.22,-2.37],[38.21,-2.37],[38.21,-2.36],[38.21,-2.35],[38.2,-2.35],[38.19,-2.35],[38.19,-2.34],[38.18,-2.34],[38.17,-2.34],[38.17,-2.33],[38.16,-2.33],[38.15,-2.33],[38.15,-2.32],[38.14,-2.32],[38.13,-2.32],[38.12,-2.32],[38.12,-2.31],[38.11,-2.31],[38.11,-2.3],[38.11,-2.29],[38.11,-2.28],[38.1,-2.28],[38.1,-2.27],[38.09,-2.27],[38.08,-2.27],[38.08,-2.26],[38.07,-2.26],[38.08,-2.25],[38.07,-2.25],[38.07,-2.24],[38.07,-2.23],[38.07,-2.22],[38.06,-2.22],[38.07,-2.22],[38.07,-2.21],[38.06,-2.21],[38.06,-2.2],[38.05,-2.2],[38.05,-2.19],[38.05,-2.18],[38.05,-2.17],[38.04,-2.17],[38.03,-2.16],[38.02,-2.16],[38.02,-2.15],[38.01,-2.15],[38.0,-2.15],[37.99,-2.15],[37.99,-2.16],[37.98,-2.16],[37.97,-2.16],[37.97,-2.17],[37.96,-2.17],[37.96,-2.16],[37.96,-2.15],[37.96,-2.14],[37.95,-2.14],[37.95,-2.13],[37.95,-2.12],[37.95,-2.11],[37.95,-2.1],[37.96,-2.1],[37.96,-2.09],[37.96,-2.08],[37.96,-2.07],[37.96,-2.06],[37.95,-2.06],[37.95,-2.05],[37.95,-2.04],[37.95,-2.03],[37.94,-2.03],[37.94,-2.04],[37.94,-2.03],[37.94,-2.02],[37.94,-2.01],[37.93,-2.01],[37.93,-2.0],[37.94,-2.0],[37.93,-2.0],[37.93,-1.99],[37.92,-1.99],[37.92,-1.98],[37.92,-1.97],[37.92,-1.96],[37.91,-1.96],[37.91,-1.95],[37.92,-1.95],[37.91,-1.95],[37.91,-1.94],[37.91,-1.93],[37.91,-1.92],[37.91,-1.91],[37.92,-1.91],[37.92,-1.9],[37.91,-1.9],[37.9,-1.9],[37.91,-1.9],[37.91,-1.89],[37.9,-1.89],[37.9,-1.88],[37.9,-1.87],[37.9,-1.86],[37.89,-1.86],[37.88,-1.85],[37.89,-1.85],[37.89,-1.84],[37.89,-1.83],[37.88,-1.83],[37.87,-1.83],[37.87,-1.82],[37.86,-1.81],[37.85,-1.8],[37.84,-1.79],[37.84,-1.78],[37.84,-1.77],[37.85,-1.77],[37.85,-1.76],[37.85,-1.75],[37.85,-1.74],[37.85,-1.73],[37.84,-1.72],[37.84,-1.71],[37.83,-1.71],[37.84,-1.71],[37.84,-1.7],[37.84,-1.69],[37.83,-1.69],[37.83,-1.68],[37.82,-1.68],[37.82,-1.67],[37.82,-1.66],[37.81,-1.66],[37.81,-1.65],[37.8,-1.65],[37.81,-1.65],[37.8,-1.65],[37.8,-1.64],[37.8,-1.63],[37.79,-1.63],[37.79,-1.62],[37.79,-1.61],[37.78,-1.61],[37.78,-1.6],[37.78,-1.59],[37.77,-1.59],[37.77,-1.58],[37.76,-1.58],[37.76,-1.57],[37.75,-1.57]]]}},{"type":"Feature","properties":{"key":"northern","name":"Northern","country":"Uganda"},"geometry":{"type":"Polygon","coordinates":[[[34.79,1.37],[34.81,1.38],[34.81,1.39],[34.8,1.39],[34.8,1.4],[34.8,1.41],[34.79,1.41],[34.8,1.42],[34.8,1.43],[34.81,1.43],[34.82,1.43],[34.82,1.44],[34.83,1.45],[34.84,1.45],[34.84,1.46],[34.86,1.53],[34.89,1.56],[34.91,1.55],[34.94,1.58],[34.99,1.66],[34.99,1.67],[35.0,1.75],[35.0,1.76],[35.0,1.96],[34.99,1.98],[34.98,1.99],[34.98,2.0],[34.98,2.02],[34.98,2.05],[34.97,2.09],[34.95,2.21],[34.93,2.28],[34.93,2.29],[34.93,2.3],[34.93,2.32],[34.93,2.33],[34.92,2.35],[34.92,2.36],[34.92,2.37],[34.92,2.38],[34.92,2.39],[34.92,2.4],[34.91,2.4],[34.92,2.41],[34.92,2.42],[34.92,2.43],[34.93,2.43],[34.93,2.44],[34.94,2.44],[34.94,2.45],[34.94,2.46],[34.95,2.46],[34.95,2.45],[34.95,2.46],[34.95,2.47],[34.95,2.48],[34.94,2.5],[34.94,2.51],[34.93,2.51],[34.93,2.52],[34.92,2.52],[34.91,2.52],[34.9,2.55],[34.9,2.59],[34.89,2.59],[34.88,2.59],[34.88,2.57],[34.87,2.57],[34.85,2.58],[34.84,2.6],[34.83,2.62],[34.8,2.66],[34.79,2.68],[34.78,2.7],[34.78,2.74],[34.78,2.75],[34.78,2.76],[34.78,2.77],[34.78,2.79],[34.77,2.8],[34.77,2.81],[34.76,2.82],[34.76,2.83],[34.75,2.83],[34.74,2.85],[34.73,2.86],[34.72,2.86],[34.71,2.87],[34.7,2.88],[34.69,2.86],[34.68,2.86],[34.67,2.86],[34.65,2.87],[34.64,2.91],[34.63,2.91],[34.6,2.92],[34.6,2.93],[34.59,2.98],[34.59,3.0],[34.58,3.01],[34.58,3.02],[34.58,3.04],[34.57,3.05],[34.57,3.07],[34.57,3.09],[34.56,3.11],[34.55,3.14],[34.54,3.14],[34.51,3.15],[34.49,3.14],[34.49,3.16],[34.48,3.17],[34.47,3.17],[34.46,3.17],[34.46,3.18],[34.45,3.23],[34.45,3.26],[34.45,3.28],[34.44,3.31],[34.43,3.33],[34.43,3.34],[34.41,3.36],[34.4,3.37],[34.4,3.39],[34.4,3.42],[34.41,3.42],[34.42,3.43],[34.42,3.45],[34.4,3.47],[34.39,3.48],[34.39,3.49],[34.4,3.49],[34.42,3.49],[34.44,3.5],[34.45,3.52],[34.45,3.54],[34.46,3.58],[34.45,3.61],[34.46,3.62],[34.46,3.67],[34.46,3.68],[34.42,3.69],[34.4,3.69],[34.4,3.71],[34.39,3.72],[34.38,3.73],[34.37,3.73],[34.37,3.74],[34.35,3.74],[34.35,3.73],[34.33,3.73],[34.32,3.73],[34.32,3.72],[34.31,3.71],[34.3,3.72],[34.29,3.73],[34.28,3.73],[34.28,3.74],[34.27,3.74],[34.27,3.75],[34.26,3.76],[34.26,3.77],[34.25,3.78],[34.24,3.78],[34.23,3.78],[34.23,3.77],[34.23,3.78],[34.22,3.78],[34.2,3.78],[34.19,3.77],[34.18,3.77],[34.17,3.77],[34.19,3.78],[34.19,3.79],[34.19,3.8],[34.18,3.8],[34.17,3.8],[34.16,3.8],[34.15,3.8],[34.15,3.81],[34.16,3.81],[34.17,3.82],[34.18,3.83],[34.23,3.83],[34.23,3.85],[34.22,3.88],[34.2,3.88],[34.17,3.88],[34.17,3.87],[34.16,3.87],[34.15,3.87],[34.13,3.87],[34.12,3.87],[34.11,3.87],[34.1,3.86],[34.09,3.86],[34.09,3.87],[34.09,3.89],[34.12,3.9],[34.13,3.93],[34.13,3.96],[34.11,3.98],[34.08,4.0],[34.06,4.01],[34.06,4.03],[34.07,4.03],[34.09,4.04],[34.09,4.05],[34.09,4.06],[34.08,4.09],[34.06,4.09],[34.05,4.12],[34.07,4.14],[34.05,4.18],[33.99,4.23],[33.93,4.17],[33.51,3.75],[33.5,3.75],[33.49,3.75],[33.45,3.76],[33.33,3.77],[33.18,3.78],[33.08,3.85],[33.07,3.86],[33.06,3.87],[33.03,3.89],[32.9,3.82],[32.9,3.81],[32.89,3.81],[32.75,3.78],[32.72,3.77],[32.49,3.75],[32.47,3.75],[32.43,3.75],[32.42,3.75],[32.2,3.6],[32.19,3.6],[32.2,3.6],[32.2,3.59],[32.21,3.59],[32.21,3.58],[32.22,3.58],[32.21,3.57],[32.22,3.57],[32.22,3.56],[32.21,3.56],[32.21,3.55],[32.21,3.54],[32.2,3.53],[32.2,3.52],[32.2,3.51],[32.19,3.51],[32.1,3.53],[32.09,3.53],[32.08,3.53],[32.08,3.54],[32.09,3.54],[32.09,3.53],[32.09,3.54],[32.09,3.55],[32.08,3.55],[32.08,3.54],[32.08,3.55],[32.08,3.56],[32.09,3.56],[32.08,3.56],[32.08,3.57],[32.07,3.57],[32.07,3.58],[32.07,3.57],[32.07,3.58],[32.06,3.58],[32.06,3.59],[32.05,3.59],[32.04,3.59],[32.05,3.59],[32.04,3.59],[32.03,3.59],[32.02,3.58],[32.01,3.58],[32.0,3.58],[31.99,3.58],[31.98,3.58],[31.97,3.58],[31.97,3.57],[31.97,3.58],[31.97,3.57],[31.96,3.57],[31.96,3.58],[31.96,3.59],[31.96,3.6],[31.95,3.6],[31.96,3.6],[31.95,3.6],[31.95,3.61],[31.95,3.62],[31.95,3.63],[31.95,3.64],[31.96,3.64],[31.96,3.65],[31.96,3.66],[31.95,3.66],[31.95,3.67],[31.95,3.68],[31.94,3.68],[31.94,3.69],[31.93,3.7],[31.93,3.71],[31.92,3.71],[31.92,3.72],[31.91,3.72],[31.91,3.73],[31.91,3.74],[31.9,3.74],[31.9,3.75],[31.89,3.76],[31.88,3.77],[31.87,3.78],[31.87,3.79],[31.86,3.79],[31.85,3.8],[31.84,3.8],[31.84,3.81],[31.83,3.82],[31.82,3.82],[31.81,3.82],[31.8,3.82],[31.8,3.81],[31.8,3.8],[31.79,3.8],[31.79,3.79],[31.78,3.79],[31.78,3.78],[31.77,3.78],[31.77,3.77],[31.76,3.77],[31.75,3.77],[31.75,3.76],[31.74,3.76],[31.74,3.75],[31.73,3.75],[31.72,3.75],[31.71,3.73],[31.71,3.72],[31.69,3.72],[31.67,3.71],[31.64,3.71],[31.61,3.69],[31.58,3.68],[31.56,3.67],[31.55,3.66],[31.54,3.66],[31.52,3.65],[31.52,3.64],[31.51,3.64],[31.5,3.64],[31.5,3.65],[31.5,3.66],[31.51,3.66],[31.51,3.67],[31.51,3.68],[31.5,3.68],[31.49,3.68],[31.48,3.69],[31.46,3.7],[31.44,3.71],[31.43,3.71],[31.42,3.72],[31.41,3.73],[31.4,3.73],[31.39,3.73],[31.38,3.74],[31.37,3.74],[31.36,3.75],[31.35,3.75],[31.32,3.77],[31.29,3.8],[31.27,3.79],[31.26,3.79],[31.25,3.79],[31.24,3.79],[31.23,3.79],[31.22,3.79],[31.22,3.8],[31.22,3.79],[31.21,3.8],[31.21,3.79],[31.2,3.79],[31.19,3.79],[31.18,3.79],[31.17,3.79],[31.16,3.79],[31.16,3.78],[31.15,3.78],[31.15,3.77],[31.14,3.77],[31.13,3.77],[31.14,3.77],[31.13,3.77],[31.13,3.76],[31.12,3.76],[31.12,3.75],[31.12,3.76],[31.11,3.76],[31.11,3.75],[31.1,3.75],[31.1,3.74],[31.11,3.74],[31.1,3.74],[31.09,3.74],[31.08,3.74],[31.08,3.75],[31.07,3.75],[31.07,3.74],[31.06,3.74],[31.06,3.73],[31.06,3.72],[31.05,3.72],[31.05,3.71],[31.04,3.71],[31.04,3.7],[31.03,3.7],[31.02,3.7],[31.02,3.69],[31.02,3.7],[31.01,3.7],[31.01,3.71],[31.0,3.71],[31.0,3.7],[30.99,3.7],[30.98,3.7],[30.98,3.69],[30.97,3.69],[30.97,3.68],[30.97,3.67],[30.96,3.67],[30.96,3.66],[30.95,3.66],[30.95,3.65],[30.95,3.64],[30.95,3.63],[30.94,3.63],[30.94,3.62],[30.93,3.62],[30.93,3.61],[30.92,3.61],[30.93,3.61],[30.92,3.61],[30.92,3.6],[30.91,3.6],[30.91,3.59],[30.91,3.6],[30.91,3.59],[30.91,3.58],[30.9,3.58],[30.9,3.57],[30.9,3.56],[30.89,3.56],[30.89,3.55],[30.89,3.54],[30.88,3.54],[30.88,3.53],[30.88,3.52],[30.87,3.52],[30.87,3.51],[30.87,3.5],[30.87,3.49],[30.86,3.49],[30.85,3.49],[30.85,3.5],[30.85,3.49],[30.86,3.49],[30.86,3.48],[30.87,3.48],[30.88,3.48],[30.88,3.49],[30.89,3.49],[30.89,3.5],[30.9,3.5],[30.91,3.5],[30.92,3.5],[30.92,3.51],[30.93,3.51],[30.93,3.5],[30.93,3.51],[30.94,3.51],[30.94,3.5],[30.94,3.49],[30.94,3.48],[30.94,3.47],[30.94,3.46],[30.94,3.45],[30.94,3.44],[30.94,3.43],[30.94,3.42],[30.94,3.41],[30.94,3.4],[30.93,3.4],[30.93,3.39],[30.93,3.4],[30.93,3.39],[30.92,3.39],[30.92,3.38],[30.92,3.37],[30.91,3.37],[30.91,3.36],[30.9,3.36],[30.9,3.35],[30.89,3.35],[30.89,3.34],[30.89,3.33],[30.89,3.32],[30.89,3.31],[30.89,3.32],[30.88,3.31],[30.87,3.31],[30.87,3.3],[30.88,3.3],[30.88,3.29],[30.87,3.29],[30.87,3.28],[30.86,3.28],[30.86,3.27],[30.85,3.27],[30.84,3.27],[30.84,3.26],[30.84,3.25],[30.84,3.24],[30.83,3.23],[30.83,3.22],[30.83,3.21],[30.83,3.2],[30.82,3.2],[30.82,3.19],[30.82,3.18],[30.81,3.18],[30.81,3.17],[30.81,3.16],[30.81,3.15],[30.81,3.14],[30.8,3.14],[30.8,3.13],[30.8,3.12],[30.8,3.11],[30.8,3.1],[30.79,3.1],[30.79,3.09],[30.79,3.08],[30.79,3.07],[30.79,3.06],[30.78,3.06],[30.77,3.06],[30.77,3.05],[30.77,3.04],[30.78,3.04],[30.78,3.03],[30.78,3.02],[30.79,3.02],[30.79,3.01],[30.8,3.01],[30.81,3.01],[30.82,3.01],[30.82,3.0],[30.83,3.0],[30.82,3.0],[30.82,2.99],[30.83,2.99],[30.83,2.98],[30.84,2.98],[30.84,2.97],[30.85,2.97],[30.85,2.96],[30.86,2.96],[30.86,2.95],[30.85,2.95],[30.85,2.94],[30.86,2.94],[30.86,2.93],[30.86,2.92],[30.87,2.92],[30.86,2.92],[30.87,2.92],[30.87,2.91],[30.87,2.9],[30.87,2.89],[30.88,2.89],[30.88,2.88],[30.89,2.88],[30.89,2.87],[30.89,2.86],[30.89,2.85],[30.89,2.84],[30.88,2.84],[30.88,2.83],[30.89,2.83],[30.88,2.82],[30.89,2.82],[30.88,2.81],[30.88,2.8],[30.87,2.8],[30.87,2.79],[30.86,2.79],[30.86,2.78],[30.86,2.77],[30.85,2.77],[30.84,2.76],[30.84,2.77],[30.84,2.76],[30.83,2.76],[30.83,2.75],[30.82,2.75],[30.82,2.74],[30.82,2.73],[30.83,2.73],[30.82,2.73],[30.82,2.72],[30.81,2.72],[30.81,2.71],[30.81,2.7],[30.81,2.69],[30.81,2.68],[30.8,2.68],[30.81,2.68],[30.8,2.68],[30.8,2.67],[30.8,2.66],[30.79,2.66],[30.79,2.65],[30.79,2.64],[30.79,2.63],[30.78,2.63],[30.78,2.62],[30.78,2.61],[30.78,2.6],[30.77,2.6],[30.76,2.6],[30.76,2.59],[30.75,2.59],[30.75,2.58],[30.75,2.57],[30.76,2.57],[30.76,2.56],[30.76,2.55],[30.76,2.54],[30.76,2.53],[30.76,2.52],[30.76,2.51],[30.76,2.5],[30.75,2.5],[30.75,2.49],[30.75,2.48],[30.74,2.48],[30.74,2.47],[30.74,2.46],[30.74,2.45],[30.75,2.44],[30.75,2.43],[30.75,2.42],[30.76,2.42],[30.75,2.43],[30.76,2.43],[30.77,2.43],[30.77,2.44],[30.78,2.44],[30.78,2.43],[30.79,2.43],[30.79,2.44],[30.79,2.43],[30.8,2.43],[30.81,2.42],[30.81,2.43],[30.81,2.42],[30.81,2.43],[30.82,2.43],[30.82,2.42],[30.83,2.42],[30.83,2.43],[30.83,2.42],[30.84,2.42],[30.84,2.41],[30.84,2.4],[30.85,2.4],[30.85,2.39],[30.84,2.39],[30.85,2.39],[30.85,2.38],[30.86,2.38],[30.87,2.37],[30.86,2.37],[30.87,2.37],[30.88,2.36],[30.88,2.35],[30.88,2.34],[30.89,2.34],[30.9,2.34],[30.9,2.33],[30.91,2.33],[30.91,2.34],[30.92,2.34],[30.93,2.34],[30.93,2.33],[30.93,2.34],[30.94,2.34],[30.94,2.35],[30.95,2.35],[30.95,2.36],[30.95,2.37],[30.94,2.37],[30.94,2.38],[30.95,2.38],[30.95,2.39],[30.95,2.4],[30.96,2.4],[30.96,2.39],[30.96,2.4],[30.97,2.4],[30.98,2.4],[30.99,2.4],[31.0,2.4],[31.01,2.4],[31.01,2.39],[31.02,2.39],[31.02,2.38],[31.03,2.38],[31.07,2.34],[31.07,2.33],[31.07,2.32],[31.08,2.32],[31.08,2.31],[31.09,2.31],[31.08,2.31],[31.08,2.3],[31.07,2.3],[31.08,2.3],[31.08,2.29],[31.08,2.3],[31.08,2.29],[31.09,2.29],[31.1,2.29],[31.1,2.28],[31.11,2.28],[31.11,2.27],[31.12,2.27],[31.13,2.27],[31.13,2.26],[31.13,2.27],[31.14,2.27],[31.14,2.28],[31.15,2.28],[31.16,2.28],[31.17,2.28],[31.17,2.29],[31.18,2.29],[31.18,2.28],[31.18,2.29],[31.18,2.28],[31.18,2.29],[31.18,2.28],[31.18,2.29],[31.18,2.28],[31.18,2.29],[31.19,2.29],[31.2,2.29],[31.2,2.22],[31.22,2.22],[31.22,2.21],[31.25,2.2],[31.28,2.18],[31.28,2.19],[31.29,2.19],[31.29,2.2],[31.3,2.2],[31.3,2.21],[31.31,2.21],[31.3,2.21],[31.31,2.21],[31.3,2.22],[31.31,2.22],[31.31,2.23],[31.32,2.23],[31.32,2.24],[31.32,2.25],[31.32,2.26],[31.33,2.26],[31.33,2.27],[31.34,2.27],[31.33,2.27],[31.33,2.28],[31.34,2.28],[31.34,2.29],[31.35,2.29],[31.35,2.3],[31.36,2.3],[31.36,2.31],[31.37,2.32],[31.38,2.33],[31.39,2.32],[31.39,2.33],[31.4,2.33],[31.41,2.33],[31.42,2.33],[31.42,2.34],[31.43,2.34],[31.44,2.34],[31.45,2.35],[31.46,2.35],[31.46,2.36],[31.46,2.37],[31.47,2.37],[31.47,2.38],[31.47,2.39],[31.47,2.4],[31.47,2.41],[31.47,2.42],[31.47,2.43],[31.47,2.44],[31.48,2.44],[31.48,2.45],[31.49,2.45],[31.49,2.46],[31.5,2.46],[31.51,2.46],[31.52,2.47],[31.53,2.48],[31.52,2.49],[31.51,2.49],[31.5,2.49],[31.51,2.48],[31.5,2.48],[31.49,2.48],[31.48,2.49],[31.48,2.5],[31.47,2.51],[31.48,2.51],[31.48,2.5],[31.49,2.5],[31.5,2.5],[31.51,2.5],[31.52,2.5],[31.52,2.49],[31.53,2.49],[31.53,2.48],[31.53,2.47],[31.52,2.47],[31.52,2.46],[31.51,2.46],[31.5,2.46],[31.5,2.45],[31.49,2.45],[31.5,2.45],[31.49,2.45],[31.49,2.44],[31.48,2.43],[31.48,2.42],[31.48,2.41],[31.48,2.38],[31.48,2.37],[31.48,2.38],[31.49,2.37],[31.48,2.37],[31.48,2.36],[31.48,2.35],[31.47,2.35],[31.47,2.34],[31.46,2.34],[31.46,2.33],[31.45,2.33],[31.44,2.33],[31.43,2.32],[31.42,2.31],[31.41,2.31],[31.39,2.29],[31.39,2.28],[31.38,2.28],[31.38,2.29],[31.38,2.28],[31.38,2.27],[31.37,2.27],[31.38,2.26],[31.38,2.25],[31.38,2.26],[31.37,2.26],[31.36,2.27],[31.35,2.26],[31.36,2.25],[31.37,2.25],[31.38,2.25],[31.38,2.24],[31.39,2.24],[31.4,2.24],[31.41,2.24],[31.42,2.24],[31.43,2.24],[31.44,2.24],[31.44,2.23],[31.45,2.23],[31.46,2.23],[31.47,2.23],[31.48,2.24],[31.48,2.25],[31.49,2.25],[31.5,2.25],[31.51,2.25],[31.52,2.26],[31.53,2.26],[31.53,2.27],[31.54,2.28],[31.54,2.27],[31.54,2.28],[31.54,2.27],[31.54,2.28],[31.55,2.28],[31.55,2.29],[31.56,2.29],[31.57,2.29],[31.58,2.29],[31.58,2.28],[31.59,2.28],[31.6,2.28],[31.6,2.27],[31.61,2.27],[31.62,2.27],[31.63,2.27],[31.63,2.26],[31.64,2.26],[31.65,2.26],[31.65,2.27],[31.66,2.27],[31.66,2.26],[31.66,2.27],[31.67,2.27],[31.67,2.28],[31.68,2.28],[31.69,2.28],[31.7,2.28],[31.7,2.29],[31.71,2.29],[31.72,2.29],[31.73,2.29],[31.73,2.3],[31.74,2.3],[31.75,2.3],[31.75,2.31],[31.76,2.31],[31.76,2.32],[31.77,2.33],[31.78,2.33],[31.78,2.34],[31.79,2.34],[31.79,2.35],[31.8,2.35],[31.8,2.36],[31.81,2.36],[31.82,2.36],[31.82,2.37],[31.83,2.37],[31.84,2.37],[31.84,2.36],[31.85,2.36],[31.85,2.37],[31.86,2.37],[31.87,2.36],[31.88,2.36],[31.88,2.37],[31.89,2.37],[31.89,2.36],[31.9,2.36],[31.9,2.37],[31.9,2.36],[31.91,2.36],[31.91,2.37],[31.92,2.37],[31.92,2.36],[31.93,2.36],[31.93,2.35],[31.94,2.35],[31.94,2.34],[31.95,2.34],[31.96,2.34],[31.96,2.33],[31.97,2.33],[31.98,2.33],[31.98,2.32],[31.99,2.32],[31.99,2.31],[32.0,2.31],[32.01,2.31],[32.02,2.31],[32.02,2.3],[32.02,2.29],[32.02,2.28],[32.03,2.28],[32.04,2.28],[32.04,2.29],[32.05,2.29],[32.05,2.28],[32.06,2.28],[32.07,2.28],[32.07,2.27],[32.08,2.27],[32.09,2.26],[32.09,2.25],[32.1,2.25],[32.11,2.25],[32.12,2.25],[32.13,2.25],[32.13,2.24],[32.14,2.24],[32.14,2.23],[32.15,2.23],[32.15,2.22],[32.16,2.22],[32.17,2.22],[32.18,2.22],[32.19,2.22],[32.19,2.23],[32.2,2.23],[32.21,2.23],[32.21,2.24],[32.22,2.25],[32.23,2.25],[32.24,2.25],[32.24,2.24],[32.24,2.25],[32.25,2.25],[32.25,2.26],[32.26,2.26],[32.26,2.25],[32.27,2.25],[32.28,2.25],[32.28,2.24],[32.29,2.24],[32.29,2.23],[32.29,2.22],[32.3,2.22],[32.31,2.21],[32.31,2.2],[32.32,2.2],[32.32,2.19],[32.32,2.18],[32.32,2.17],[32.32,2.16],[32.32,2.15],[32.32,2.14],[32.33,2.13],[32.33,2.12],[32.33,2.11],[32.33,2.1],[32.34,2.1],[32.34,2.09],[32.34,2.08],[32.35,2.08],[32.35,2.07],[32.35,2.06],[32.35,2.05],[32.34,2.04],[32.34,2.03],[32.34,2.02],[32.34,2.01],[32.34,2.0],[32.34,1.99],[32.34,1.98],[32.33,1.97],[32.33,1.96],[32.34,1.96],[32.35,1.96],[32.36,1.96],[32.36,1.95],[32.36,1.94],[32.35,1.94],[32.35,1.93],[32.34,1.93],[32.34,1.92],[32.34,1.91],[32.34,1.9],[32.34,1.89],[32.34,1.88],[32.34,1.87],[32.34,1.86],[32.34,1.85],[32.33,1.85],[32.32,1.85],[32.31,1.85],[32.31,1.84],[32.3,1.84],[32.29,1.84],[32.28,1.84],[32.28,1.83],[32.27,1.83],[32.28,1.83],[32.28,1.82],[32.28,1.81],[32.27,1.81],[32.26,1.81],[32.25,1.8],[32.24,1.8],[32.24,1.79],[32.23,1.79],[32.22,1.79],[32.22,1.8],[32.21,1.79],[32.21,1.78],[32.2,1.78],[32.19,1.78],[32.18,1.78],[32.17,1.78],[32.16,1.78],[32.16,1.77],[32.15,1.77],[32.15,1.76],[32.14,1.76],[32.14,1.75],[32.13,1.75],[32.12,1.75],[32.11,1.75],[32.11,1.74],[32.1,1.73],[32.1,1.72],[32.1,1.71],[32.09,1.7],[32.1,1.7],[32.1,1.69],[32.1,1.68],[32.1,1.67],[32.09,1.67],[32.09,1.66],[32.09,1.65],[32.1,1.65],[32.11,1.65],[32.11,1.66],[32.12,1.66],[32.12,1.67],[32.13,1.67],[32.14,1.67],[32.15,1.67],[32.16,1.67],[32.19,1.68],[32.2,1.68],[32.21,1.68],[32.22,1.68],[32.23,1.67],[32.25,1.67],[32.26,1.67],[32.27,1.67],[32.28,1.67],[32.28,1.66],[32.3,1.66],[32.31,1.65],[32.32,1.64],[32.32,1.63],[32.32,1.62],[32.33,1.62],[32.34,1.62],[32.35,1.62],[32.35,1.61],[32.36,1.61],[32.36,1.6],[32.38,1.6],[32.4,1.6],[32.41,1.59],[32.42,1.58],[32.43,1.58],[32.44,1.58],[32.45,1.57],[32.46,1.56],[32.47,1.55],[32.48,1.55],[32.5,1.54],[32.5,1.53],[32.51,1.53],[32.51,1.52],[32.52,1.53],[32.52,1.52],[32.53,1.52],[32.54,1.52],[32.55,1.52],[32.56,1.52],[32.57,1.51],[32.57,1.5],[32.58,1.49],[32.59,1.47],[32.62,1.44],[32.64,1.44],[32.65,1.44],[32.66,1.44],[32.68,1.45],[32.69,1.45],[32.7,1.45],[32.71,1.46],[32.72,1.46],[32.73,1.46],[32.74,1.46],[32.75,1.46],[32.78,1.47],[32.79,1.47],[32.8,1.47],[32.81,1.48],[32.82,1.48],[32.84,1.48],[32.85,1.48],[32.86,1.48],[32.87,1.48],[32.88,1.48],[32.89,1.48],[32.92,1.48],[32.93,1.48],[32.95,1.48],[32.96,1.48],[32.97,1.48],[32.97,1.56],[32.97,1.57],[32.97,1.58],[32.97,1.59],[32.97,1.6],[32.97,1.61],[32.97,1.62],[32.96,1.62],[32.96,1.63],[32.95,1.63],[32.95,1.64],[32.94,1.64],[33.0,1.67],[33.0,1.68],[32.99,1.68],[32.99,1.69],[32.99,1.7],[33.0,1.7],[33.0,1.71],[33.0,1.72],[33.01,1.72],[33.01,1.71],[33.02,1.71],[33.03,1.71],[33.04,1.71],[33.05,1.71],[33.06,1.72],[33.07,1.72],[33.07,1.73],[33.08,1.73],[33.09,1.74],[33.08,1.74],[33.08,1.75],[33.09,1.75],[33.09,1.76],[33.09,1.77],[33.1,1.77],[33.1,1.78],[33.1,1.79],[33.1,1.8],[33.11,1.81],[33.11,1.82],[33.11,1.83],[33.11,1.84],[33.11,1.85],[33.11,1.86],[33.12,1.86],[33.13,1.86],[33.14,1.86],[33.14,1.87],[33.15,1.87],[33.15,1.88],[33.16,1.88],[33.17,1.88],[33.17,1.89],[33.18,1.89],[33.18,1.9],[33.19,1.9],[33.2,1.91],[33.21,1.91],[33.22,1.91],[33.22,1.92],[33.23,1.92],[33.24,1.92],[33.24,1.93],[33.24,1.94],[33.25,1.94],[33.25,1.95],[33.25,1.96],[33.26,1.96],[33.27,1.96],[33.27,1.97],[33.27,1.98],[33.27,1.99],[33.28,2.0],[33.28,2.01],[33.28,2.02],[33.28,2.03],[33.29,2.04],[33.29,2.05],[33.3,2.05],[33.31,2.05],[33.31,2.06],[33.32,2.05],[33.33,2.06],[33.33,2.05],[33.34,2.05],[33.34,2.04],[33.35,2.03],[33.36,2.03],[33.36,2.04],[33.36,2.05],[33.36,2.06],[33.35,2.06],[33.35,2.07],[33.35,2.08],[33.36,2.09],[33.36,2.1],[33.36,2.11],[33.37,2.11],[33.38,2.11],[33.38,2.12],[33.39,2.12],[33.4,2.12],[33.4,2.13],[33.41,2.13],[33.41,2.14],[33.42,2.15],[33.42,2.14],[33.42,2.13],[33.43,2.13],[33.43,2.12],[33.44,2.12],[33.44,2.11],[33.44,2.12],[33.45,2.13],[33.45,2.14],[33.45,2.15],[33.46,2.15],[33.46,2.16],[33.47,2.16],[33.47,2.17],[33.47,2.18],[33.47,2.19],[33.48,2.19],[33.48,2.2],[33.48,2.21],[33.47,2.21],[33.46,2.21],[33.46,2.22],[33.45,2.22],[33.45,2.23],[33.45,2.22],[33.45,2.23],[33.44,2.23],[33.44,2.24],[33.44,2.25],[33.45,2.25],[33.46,2.25],[33.46,2.24],[33.47,2.24],[33.48,2.24],[33.49,2.24],[33.49,2.23],[33.49,2.24],[33.5,2.24],[33.5,2.25],[33.51,2.26],[33.52,2.26],[33.55,2.28],[33.55,2.29],[33.54,2.3],[33.54,2.31],[33.54,2.32],[33.54,2.33],[33.54,2.34],[33.54,2.35],[33.53,2.35],[33.54,2.35],[33.53,2.35],[33.53,2.36],[33.54,2.36],[33.55,2.36],[33.56,2.36],[33.55,2.36],[33.56,2.36],[33.56,2.35],[33.56,2.36],[33.56,2.35],[33.56,2.34],[33.57,2.34],[33.57,2.33],[33.57,2.34],[33.58,2.34],[33.58,2.33],[33.58,2.34],[33.58,2.33],[33.58,2.34],[33.58,2.33],[33.59,2.33],[33.6,2.33],[33.6,2.34],[33.61,2.34],[33.6,2.34],[33.61,2.34],[33.62,2.34],[33.61,2.34],[33.62,2.34],[33.62,2.35],[33.63,2.35],[33.63,2.36],[33.64,2.36],[33.65,2.36],[33.66,2.36],[33.67,2.36],[33.67,2.37],[33.68,2.37],[33.68,2.38],[33.69,2.38],[33.69,2.39],[33.7,2.39],[33.71,2.39],[33.7,2.39],[33.71,2.39],[33.71,2.4],[33.71,2.41],[33.72,2.41],[33.73,2.41],[33.73,2.42],[33.85,2.35],[33.91,2.31],[34.21,2.12],[34.22,2.07],[34.22,2.06],[34.22,2.03],[34.22,2.01],[34.22,1.99],[34.22,1.95],[34.22,1.93],[34.22,1.88],[34.22,1.81],[34.22,1.64],[34.23,1.64],[34.23,1.58],[34.23,1.56],[34.25,1.56],[34.26,1.56],[34.27,1.56],[34.27,1.55],[34.28,1.55],[34.29,1.55],[34.29,1.56],[34.3,1.56],[34.31,1.56],[34.32,1.56],[34.32,1.55],[34.32,1.56],[34.32,1.55],[34.33,1.55],[34.33,1.56],[34.34,1.56],[34.34,1.57],[34.35,1.57],[34.36,1.57],[34.36,1.56],[34.36,1.57],[34.36,1.56],[34.37,1.56],[34.37,1.57],[34.37,1.56],[34.37,1.57],[34.37,1.56],[34.37,1.57],[34.38,1.57],[34.39,1.57],[34.4,1.57],[34.39,1.57],[34.39,1.56],[34.4,1.57],[34.4,1.56],[34.41,1.56],[34.42,1.56],[34.43,1.56],[34.43,1.57],[34.43,1.56],[34.43,1.57],[34.44,1.57],[34.43,1.57],[34.44,1.57],[34.45,1.58],[34.45,1.57],[34.45,1.58],[34.45,1.57],[34.45,1.58],[34.45,1.57],[34.45,1.58],[34.45,1.57],[34.45,1.58],[34.46,1.58],[34.45,1.58],[34.46,1.58],[34.46,1.59],[34.47,1.59],[34.48,1.59],[34.47,1.59],[34.48,1.59],[34.49,1.59],[34.49,1.6],[34.49,1.59],[34.49,1.6],[34.5,1.6],[34.51,1.6],[34.52,1.6],[34.53,1.6],[34.54,1.6],[34.55,1.6],[34.55,1.59],[34.56,1.59],[34.57,1.59],[34.56,1.59],[34.57,1.59],[34.57,1.58],[34.58,1.58],[34.58,1.59],[34.59,1.59],[34.59,1.58],[34.6,1.58],[34.61,1.58],[34.62,1.58],[34.62,1.57],[34.62,1.56],[34.63,1.56],[34.62,1.56],[34.63,1.56],[34.63,1.55],[34.63,1.54],[34.64,1.54],[34.65,1.54],[34.65,1.53],[34.66,1.53],[34.66,1.52],[34.66,1.53],[34.66,1.52],[34.67,1.53],[34.67,1.52],[34.67,1.53],[34.67,1.52],[34.67,1.53],[34.68,1.53],[34.69,1.53],[34.7,1.53],[34.7,1.52],[34.7,1.51],[34.7,1.5],[34.71,1.5],[34.71,1.49],[34.71,1.48],[34.72,1.48],[34.72,1.47],[34.73,1.47],[34.72,1.47],[34.72,1.46],[34.72,1.45],[34.72,1.44],[34.73,1.44],[34.73,1.43],[34.74,1.43],[34.74,1.42],[34.75,1.42],[34.75,1.41],[34.76,1.41],[34.76,1.4],[34.77,1.4],[34.77,1.39],[34.78,1.39],[34.78,1.4],[34.78,1.39],[34.78,1.38],[34.78,1.37],[34.79,1.37]]]}},{"type":"Feature","properties":{"key":"eastern","name":"Eastern","country":"Uganda"},"geometry":{"type":"MultiPolygon","coordinates":[[[[33.66,-0.13],[33.67,-0.13],[33.68,-0.13],[33.69,-0.13],[33.69,-0.14],[33.69,-0.15],[33.7,-0.15],[33.71,-0.15],[33.71,-0.16],[33.72,-0.16],[33.72,-0.15],[33.72,-0.14],[33.72,-0.13],[33.73,-0.13],[33.73,-0.12],[33.72,-0.11],[33.72,-0.1],[33.72,-0.09],[33.71,-0.09],[33.71,-0.1],[33.71,-0.11],[33.7,-0.11],[33.69,-0.11],[33.69,-0.1],[33.69,-0.11],[33.68,-0.11],[33.67,-0.11],[33.67,-0.12],[33.67,-0.13],[33.66,-0.13]]],[[[33.64,-0.02],[33.65,-0.02],[33.65,-0.03],[33.66,-0.03],[33.65,-0.02],[33.66,-0.02],[33.67,-0.02],[33.67,-0.03],[33.67,-0.02],[33.67,-0.01],[33.67,-0.0],[33.68,-0.0],[33.67,0.0],[33.66,0.0],[33.65,-0.0],[33.65,-0.01],[33.64,-0.01],[33.64,-0.02]]],[[[33.63,0.02],[33.63,0.01],[33.64,0.01],[33.64,0.02],[33.64,0.01],[33.65,0.01],[33.65,0.02],[33.65,0.03],[33.65,0.04],[33.65,0.03],[33.64,0.03],[33.63,0.03],[33.63,0.02]]],[[[33.61,0.29],[33.61,0.28],[33.62,0.28],[33.62,0.29],[33.62,0.3],[33.61,0.29]]],[[[33.54,0.14],[33.54,0.13],[33.55,0.13],[33.56,0.13],[33.57,0.13],[33.58,0.12],[33.58,0.11],[33.57,0.11],[33.58,0.11],[33.58,0.12],[33.59,0.12],[33.59,0.13],[33.59,0.14],[33.59,0.15],[33.58,0.15],[33.57,0.15],[33.57,0.16],[33.56,0.15],[33.57,0.15],[33.57,0.14],[33.56,0.14],[33.55,0.14],[33.54,0.14]]],[[[33.45,0.29],[33.45,0.28],[33.46,0.28],[33.47,0.28],[33.47,0.29],[33.47,0.28],[33.48,0.29],[33.49,0.29],[33.48,0.28],[33.49,0.28],[33.49,0.29],[33.48,0.29],[33.47,0.29],[33.46,0.29],[33.45,0.29]]],[[[32.82,1.48],[32.84,1.39],[32.84,1.38],[32.83,1.38],[32.83,1.37],[32.84,1.37],[32.84,1.36],[32.84,1.35],[32.84,1.34],[32.85,1.34],[32.85,1.33],[32.84,1.33],[32.84,1.32],[32.85,1.32],[32.85,1.31],[32.86,1.31],[32.86,1.3],[32.87,1.3],[32.88,1.3],[32.88,1.29],[32.88,1.28],[32.89,1.28],[32.9,1.28],[32.9,1.27],[32.91,1.27],[32.91,1.26],[32.92,1.26],[32.92,1.25],[32.92,1.24],[32.92,1.23],[32.93,1.23],[32.93,1.22],[32.93,1.21],[32.94,1.21],[32.94,1.2],[32.94,1.19],[32.94,1.18],[32.94,1.17],[32.95,1.17],[32.95,1.16],[32.95,1.15],[32.95,1.14],[32.95,1.13],[32.95,1.12],[32.94,1.11],[32.94,1.1],[32.94,1.09],[32.93,1.09],[32.93,1.08],[32.93,1.07],[32.94,1.07],[32.94,1.06],[32.93,1.06],[32.94,1.06],[32.93,1.05],[32.94,1.05],[32.93,1.05],[32.93,1.04],[32.93,1.03],[32.93,1.02],[32.93,1.01],[32.93,1.0],[32.94,1.0],[32.94,0.99],[32.94,0.98],[32.94,0.97],[32.95,0.97],[32.95,0.96],[32.95,0.95],[32.95,0.94],[32.96,0.94],[32.96,0.93],[32.96,0.92],[32.97,0.92],[32.97,0.91],[32.98,0.91],[32.98,0.9],[32.99,0.89],[32.99,0.88],[33.0,0.88],[33.0,0.87],[33.01,0.86],[33.01,0.85],[33.01,0.84],[33.02,0.84],[33.02,0.83],[33.03,0.83],[33.03,0.82],[33.03,0.81],[33.03,0.8],[33.04,0.8],[33.04,0.79],[33.04,0.78],[33.04,0.77],[33.05,0.77],[33.05,0.76],[33.05,0.75],[33.05,0.74],[33.04,0.74],[33.04,0.73],[33.05,0.73],[33.05,0.72],[33.05,0.71],[33.06,0.7],[33.06,0.69],[33.06,0.68],[33.05,0.68],[33.05,0.67],[33.05,0.66],[33.04,0.66],[33.04,0.65],[33.04,0.64],[33.05,0.64],[33.05,0.63],[33.05,0.62],[33.05,0.61],[33.05,0.6],[33.06,0.6],[33.06,0.59],[33.07,0.59],[33.07,0.58],[33.07,0.57],[33.08,0.57],[33.08,0.56],[33.07,0.56],[33.08,0.56],[33.08,0.55],[33.09,0.55],[33.09,0.54],[33.1,0.54],[33.1,0.53],[33.11,0.53],[33.11,0.52],[33.12,0.52],[33.13,0.51],[33.14,0.51],[33.14,0.5],[33.14,0.49],[33.15,0.49],[33.15,0.48],[33.16,0.48],[33.16,0.47],[33.17,0.47],[33.17,0.46],[33.18,0.46],[33.18,0.45],[33.18,0.44],[33.19,0.44],[33.19,0.43],[33.19,0.42],[33.2,0.42],[33.2,0.41],[33.21,0.41],[33.21,0.42],[33.21,0.41],[33.22,0.41],[33.22,0.42],[33.23,0.42],[33.23,0.41],[33.23,0.42],[33.23,0.43],[33.24,0.43],[33.24,0.44],[33.25,0.44],[33.25,0.45],[33.25,0.46],[33.26,0.46],[33.27,0.46],[33.27,0.47],[33.28,0.47],[33.28,0.48],[33.29,0.48],[33.29,0.47],[33.29,0.46],[33.28,0.46],[33.28,0.45],[33.29,0.45],[33.29,0.44],[33.3,0.44],[33.3,0.43],[33.31,0.43],[33.31,0.42],[33.32,0.42],[33.32,0.43],[33.32,0.44],[33.33,0.44],[33.33,0.43],[33.33,0.44],[33.34,0.44],[33.35,0.44],[33.35,0.45],[33.36,0.45],[33.37,0.46],[33.36,0.46],[33.36,0.47],[33.36,0.46],[33.35,0.47],[33.35,0.48],[33.36,0.48],[33.36,0.47],[33.37,0.47],[33.37,0.48],[33.36,0.48],[33.36,0.49],[33.37,0.49],[33.37,0.48],[33.38,0.49],[33.39,0.49],[33.4,0.48],[33.4,0.47],[33.39,0.47],[33.38,0.47],[33.38,0.46],[33.39,0.46],[33.38,0.46],[33.38,0.45],[33.37,0.45],[33.37,0.44],[33.36,0.44],[33.36,0.43],[33.36,0.42],[33.35,0.42],[33.35,0.43],[33.35,0.42],[33.35,0.41],[33.34,0.41],[33.35,0.41],[33.35,0.4],[33.36,0.4],[33.36,0.39],[33.36,0.4],[33.36,0.39],[33.37,0.39],[33.37,0.38],[33.36,0.38],[33.35,0.39],[33.35,0.38],[33.34,0.38],[33.34,0.39],[33.34,0.38],[33.33,0.37],[33.32,0.38],[33.32,0.39],[33.32,0.38],[33.31,0.38],[33.31,0.37],[33.31,0.36],[33.32,0.37],[33.33,0.37],[33.32,0.36],[33.32,0.35],[33.33,0.35],[33.33,0.36],[33.34,0.36],[33.35,0.36],[33.35,0.37],[33.36,0.37],[33.37,0.36],[33.37,0.35],[33.36,0.35],[33.36,0.34],[33.36,0.33],[33.37,0.33],[33.38,0.33],[33.38,0.34],[33.39,0.34],[33.39,0.33],[33.4,0.33],[33.41,0.33],[33.41,0.32],[33.42,0.32],[33.43,0.32],[33.43,0.33],[33.43,0.34],[33.43,0.35],[33.44,0.35],[33.45,0.35],[33.45,0.36],[33.44,0.36],[33.44,0.37],[33.45,0.36],[33.46,0.36],[33.46,0.37],[33.47,0.37],[33.48,0.36],[33.49,0.36],[33.48,0.36],[33.47,0.36],[33.47,0.35],[33.46,0.35],[33.46,0.34],[33.46,0.33],[33.46,0.34],[33.45,0.34],[33.45,0.33],[33.46,0.33],[33.47,0.32],[33.47,0.31],[33.47,0.32],[33.47,0.33],[33.48,0.33],[33.48,0.32],[33.49,0.32],[33.5,0.32],[33.5,0.31],[33.49,0.31],[33.49,0.3],[33.5,0.3],[33.51,0.3],[33.5,0.29],[33.51,0.28],[33.52,0.28],[33.51,0.28],[33.51,0.27],[33.51,0.28],[33.5,0.27],[33.49,0.27],[33.49,0.26],[33.49,0.27],[33.48,0.28],[33.47,0.28],[33.47,0.27],[33.46,0.27],[33.46,0.28],[33.45,0.28],[33.45,0.27],[33.45,0.26],[33.44,0.26],[33.44,0.27],[33.44,0.28],[33.45,0.28],[33.44,0.28],[33.45,0.28],[33.44,0.28],[33.43,0.28],[33.44,0.28],[33.44,0.27],[33.43,0.27],[33.43,0.28],[33.42,0.28],[33.42,0.29],[33.41,0.28],[33.41,0.29],[33.4,0.28],[33.41,0.28],[33.42,0.28],[33.42,0.27],[33.42,0.26],[33.43,0.26],[33.43,0.25],[33.44,0.25],[33.45,0.25],[33.45,0.24],[33.44,0.24],[33.43,0.24],[33.43,0.23],[33.43,0.22],[33.44,0.22],[33.45,0.22],[33.45,0.21],[33.46,0.22],[33.46,0.21],[33.47,0.21],[33.47,0.2],[33.48,0.2],[33.47,0.2],[33.48,0.19],[33.48,0.18],[33.49,0.18],[33.49,0.19],[33.48,0.19],[33.48,0.2],[33.49,0.2],[33.49,0.21],[33.49,0.22],[33.5,0.22],[33.5,0.21],[33.5,0.2],[33.5,0.19],[33.51,0.19],[33.51,0.2],[33.52,0.19],[33.52,0.2],[33.53,0.2],[33.53,0.19],[33.52,0.19],[33.53,0.19],[33.53,0.18],[33.52,0.18],[33.52,0.17],[33.53,0.17],[33.53,0.18],[33.53,0.19],[33.54,0.2],[33.55,0.2],[33.55,0.19],[33.54,0.19],[33.55,0.18],[33.54,0.18],[33.54,0.17],[33.55,0.17],[33.55,0.18],[33.56,0.18],[33.56,0.17],[33.57,0.17],[33.57,0.18],[33.58,0.18],[33.57,0.18],[33.57,0.19],[33.56,0.19],[33.56,0.2],[33.57,0.2],[33.58,0.2],[33.58,0.21],[33.59,0.21],[33.59,0.2],[33.6,0.21],[33.6,0.2],[33.6,0.21],[33.6,0.22],[33.61,0.22],[33.62,0.22],[33.63,0.22],[33.62,0.23],[33.62,0.24],[33.62,0.25],[33.62,0.26],[33.63,0.26],[33.62,0.26],[33.62,0.27],[33.62,0.28],[33.61,0.28],[33.61,0.29],[33.61,0.3],[33.61,0.31],[33.6,0.31],[33.6,0.32],[33.6,0.31],[33.59,0.32],[33.6,0.32],[33.61,0.32],[33.62,0.32],[33.63,0.32],[33.63,0.33],[33.64,0.33],[33.64,0.32],[33.64,0.31],[33.65,0.31],[33.65,0.32],[33.66,0.32],[33.66,0.31],[33.67,0.31],[33.68,0.31],[33.67,0.31],[33.68,0.31],[33.68,0.32],[33.69,0.32],[33.68,0.32],[33.69,0.32],[33.7,0.32],[33.7,0.33],[33.71,0.33],[33.71,0.32],[33.72,0.32],[33.73,0.31],[33.73,0.32],[33.74,0.32],[33.75,0.32],[33.75,0.31],[33.76,0.31],[33.76,0.32],[33.76,0.31],[33.77,0.31],[33.76,0.31],[33.75,0.31],[33.75,0.3],[33.74,0.3],[33.74,0.31],[33.74,0.3],[33.74,0.29],[33.74,0.3],[33.73,0.3],[33.72,0.3],[33.72,0.29],[33.73,0.29],[33.72,0.29],[33.71,0.29],[33.71,0.28],[33.7,0.29],[33.7,0.28],[33.7,0.27],[33.69,0.27],[33.69,0.26],[33.7,0.26],[33.71,0.26],[33.71,0.27],[33.71,0.26],[33.72,0.26],[33.73,0.26],[33.74,0.26],[33.74,0.25],[33.74,0.24],[33.73,0.24],[33.73,0.23],[33.72,0.23],[33.72,0.22],[33.72,0.21],[33.71,0.21],[33.7,0.21],[33.7,0.2],[33.71,0.2],[33.71,0.19],[33.72,0.18],[33.72,0.19],[33.73,0.19],[33.74,0.19],[33.75,0.19],[33.75,0.18],[33.76,0.18],[33.76,0.19],[33.77,0.2],[33.77,0.19],[33.78,0.19],[33.78,0.2],[33.79,0.2],[33.78,0.2],[33.78,0.21],[33.77,0.21],[33.78,0.22],[33.79,0.22],[33.79,0.23],[33.78,0.23],[33.79,0.23],[33.79,0.24],[33.79,0.25],[33.79,0.24],[33.8,0.24],[33.8,0.23],[33.81,0.23],[33.81,0.22],[33.82,0.21],[33.81,0.21],[33.81,0.2],[33.8,0.2],[33.81,0.2],[33.81,0.19],[33.82,0.19],[33.82,0.18],[33.81,0.18],[33.81,0.17],[33.81,0.16],[33.81,0.15],[33.81,0.14],[33.82,0.14],[33.82,0.15],[33.83,0.15],[33.83,0.16],[33.83,0.17],[33.83,0.18],[33.83,0.19],[33.83,0.2],[33.82,0.2],[33.82,0.21],[33.83,0.2],[33.84,0.2],[33.84,0.21],[33.84,0.2],[33.84,0.19],[33.85,0.19],[33.86,0.18],[33.86,0.17],[33.87,0.17],[33.88,0.16],[33.89,0.16],[33.89,0.17],[33.9,0.17],[33.9,0.18],[33.9,0.19],[33.9,0.2],[33.91,0.2],[33.92,0.2],[33.92,0.19],[33.93,0.19],[33.93,0.2],[33.92,0.2],[33.92,0.21],[33.92,0.22],[33.93,0.22],[33.93,0.23],[33.92,0.23],[33.92,0.24],[33.92,0.23],[33.93,0.23],[33.94,0.23],[33.95,0.22],[33.95,0.23],[33.96,0.23],[33.97,0.23],[33.97,0.24],[33.96,0.24],[33.96,0.25],[33.97,0.24],[33.97,0.25],[33.98,0.26],[33.97,0.27],[33.98,0.26],[33.99,0.26],[33.99,0.25],[33.99,0.24],[34.0,0.24],[34.01,0.24],[34.01,0.25],[34.02,0.25],[34.02,0.26],[34.02,0.27],[34.03,0.27],[34.04,0.27],[34.04,0.28],[34.04,0.29],[34.05,0.29],[34.05,0.3],[34.05,0.31],[34.05,0.3],[34.05,0.31],[34.06,0.31],[34.06,0.32],[34.06,0.33],[34.06,0.32],[34.06,0.33],[34.07,0.33],[34.08,0.33],[34.08,0.34],[34.08,0.33],[34.08,0.34],[34.09,0.34],[34.09,0.35],[34.09,0.34],[34.09,0.35],[34.1,0.35],[34.1,0.36],[34.1,0.37],[34.11,0.37],[34.11,0.38],[34.11,0.39],[34.11,0.4],[34.1,0.4],[34.1,0.41],[34.1,0.42],[34.09,0.42],[34.09,0.43],[34.09,0.44],[34.09,0.45],[34.09,0.46],[34.1,0.46],[34.1,0.47],[34.11,0.47],[34.11,0.48],[34.12,0.48],[34.12,0.49],[34.12,0.5],[34.12,0.51],[34.12,0.52],[34.13,0.54],[34.13,0.55],[34.13,0.56],[34.14,0.58],[34.15,0.58],[34.15,0.59],[34.15,0.58],[34.15,0.59],[34.15,0.58],[34.15,0.59],[34.15,0.58],[34.15,0.59],[34.16,0.59],[34.15,0.59],[34.16,0.59],[34.16,0.6],[34.17,0.6],[34.18,0.6],[34.18,0.61],[34.18,0.6],[34.18,0.61],[34.18,0.6],[34.18,0.61],[34.18,0.6],[34.19,0.6],[34.19,0.61],[34.19,0.6],[34.19,0.61],[34.18,0.61],[34.19,0.61],[34.19,0.62],[34.2,0.62],[34.2,0.63],[34.2,0.62],[34.21,0.62],[34.21,0.63],[34.21,0.62],[34.21,0.63],[34.21,0.62],[34.22,0.62],[34.22,0.63],[34.23,0.63],[34.24,0.63],[34.23,0.63],[34.24,0.63],[34.25,0.63],[34.26,0.63],[34.26,0.64],[34.27,0.64],[34.28,0.64],[34.28,0.65],[34.28,0.66],[34.28,0.67],[34.28,0.68],[34.29,0.68],[34.29,0.69],[34.29,0.68],[34.29,0.69],[34.29,0.68],[34.3,0.68],[34.3,0.69],[34.29,0.69],[34.3,0.69],[34.31,0.69],[34.31,0.7],[34.31,0.69],[34.31,0.7],[34.31,0.69],[34.31,0.7],[34.31,0.71],[34.31,0.72],[34.31,0.73],[34.31,0.74],[34.31,0.75],[34.31,0.76],[34.32,0.76],[34.31,0.76],[34.32,0.76],[34.32,0.77],[34.32,0.76],[34.32,0.77],[34.32,0.76],[34.32,0.77],[34.33,0.77],[34.34,0.77],[34.35,0.77],[34.36,0.77],[34.36,0.78],[34.36,0.77],[34.36,0.78],[34.37,0.78],[34.37,0.79],[34.38,0.79],[34.38,0.8],[34.38,0.79],[34.38,0.8],[34.39,0.8],[34.4,0.8],[34.41,0.8],[34.41,0.81],[34.41,0.82],[34.41,0.83],[34.41,0.82],[34.41,0.83],[34.42,0.83],[34.41,0.83],[34.41,0.84],[34.42,0.84],[34.41,0.84],[34.42,0.84],[34.42,0.85],[34.43,0.85],[34.43,0.86],[34.44,0.86],[34.45,0.86],[34.45,0.87],[34.45,0.88],[34.45,0.89],[34.45,0.9],[34.46,0.9],[34.46,0.91],[34.47,0.91],[34.47,0.92],[34.47,0.93],[34.48,0.93],[34.48,0.94],[34.48,0.95],[34.48,0.96],[34.48,0.97],[34.49,0.97],[34.49,0.98],[34.49,0.99],[34.49,1.0],[34.49,1.01],[34.49,1.02],[34.49,1.03],[34.49,1.04],[34.49,1.05],[34.5,1.05],[34.5,1.06],[34.5,1.07],[34.51,1.07],[34.51,1.08],[34.52,1.08],[34.52,1.09],[34.52,1.1],[34.53,1.1],[34.53,1.11],[34.57,1.1],[34.57,1.11],[34.58,1.12],[34.58,1.14],[34.58,1.15],[34.59,1.15],[34.6,1.15],[34.6,1.16],[34.61,1.16],[34.62,1.16],[34.62,1.17],[34.63,1.17],[34.62,1.17],[34.63,1.17],[34.64,1.17],[34.64,1.18],[34.65,1.18],[34.66,1.18],[34.66,1.19],[34.67,1.2],[34.67,1.21],[34.68,1.21],[34.69,1.21],[34.7,1.21],[34.7,1.22],[34.71,1.22],[34.72,1.22],[34.73,1.22],[34.74,1.22],[34.75,1.22],[34.76,1.22],[34.77,1.22],[34.78,1.22],[34.79,1.22],[34.8,1.22],[34.8,1.23],[34.81,1.23],[34.81,1.24],[34.82,1.25],[34.81,1.25],[34.82,1.25],[34.82,1.26],[34.83,1.27],[34.83,1.28],[34.83,1.29],[34.83,1.3],[34.83,1.31],[34.82,1.32],[34.82,1.33],[34.81,1.33],[34.81,1.34],[34.8,1.34],[34.8,1.35],[34.79,1.36],[34.79,1.37],[34.78,1.37],[34.78,1.38],[34.78,1.39],[34.78,1.4],[34.78,1.39],[34.77,1.39],[34.77,1.4],[34.76,1.4],[34.76,1.41],[34.75,1.41],[34.75,1.42],[34.74,1.42],[34.74,1.43],[34.73,1.43],[34.73,1.44],[34.72,1.44],[34.72,1.45],[34.72,1.46],[34.72,1.47],[34.73,1.47],[34.72,1.47],[34.72,1.48],[34.71,1.48],[34.71,1.49],[34.71,1.5],[34.7,1.5],[34.7,1.51],[34.7,1.52],[34.7,1.53],[34.69,1.53],[34.68,1.53],[34.67,1.53],[34.67,1.52],[34.67,1.53],[34.67,1.52],[34.67,1.53],[34.66,1.52],[34.66,1.53],[34.66,1.52],[34.66,1.53],[34.65,1.53],[34.65,1.54],[34.64,1.54],[34.63,1.54],[34.63,1.55],[34.63,1.56],[34.62,1.56],[34.63,1.56],[34.62,1.56],[34.62,1.57],[34.62,1.58],[34.61,1.58],[34.6,1.58],[34.59,1.58],[34.59,1.59],[34.58,1.59],[34.58,1.58],[34.57,1.58],[34.57,1.59],[34.56,1.59],[34.57,1.59],[34.56,1.59],[34.55,1.59],[34.55,1.6],[34.54,1.6],[34.53,1.6],[34.52,1.6],[34.51,1.6],[34.5,1.6],[34.49,1.6],[34.49,1.59],[34.49,1.6],[34.49,1.59],[34.48,1.59],[34.47,1.59],[34.48,1.59],[34.47,1.59],[34.46,1.59],[34.46,1.58],[34.45,1.58],[34.46,1.58],[34.45,1.58],[34.45,1.57],[34.45,1.58],[34.45,1.57],[34.45,1.58],[34.45,1.57],[34.45,1.58],[34.45,1.57],[34.45,1.58],[34.44,1.57],[34.43,1.57],[34.44,1.57],[34.43,1.57],[34.43,1.56],[34.43,1.57],[34.43,1.56],[34.42,1.56],[34.41,1.56],[34.4,1.56],[34.4,1.57],[34.39,1.56],[34.39,1.57],[34.4,1.57],[34.39,1.57],[34.38,1.57],[34.37,1.57],[34.37,1.56],[34.37,1.57],[34.37,1.56],[34.37,1.57],[34.37,1.56],[34.36,1.56],[34.36,1.57],[34.36,1.56],[34.36,1.57],[34.35,1.57],[34.34,1.57],[34.34,1.56],[34.33,1.56],[34.33,1.55],[34.32,1.55],[34.32,1.56],[34.32,1.55],[34.32,1.56],[34.31,1.56],[34.3,1.56],[34.29,1.56],[34.29,1.55],[34.28,1.55],[34.27,1.55],[34.27,1.56],[34.26,1.56],[34.25,1.56],[34.23,1.56],[34.23,1.58],[34.23,1.64],[34.22,1.64],[34.22,1.81],[34.22,1.88],[34.22,1.93],[34.22,1.95],[34.22,1.99],[34.22,2.01],[34.22,2.03],[34.22,2.06],[34.22,2.07],[34.21,2.12],[33.91,2.31],[33.85,2.35],[33.73,2.42],[33.73,2.41],[33.72,2.41],[33.71,2.41],[33.71,2.4],[33.71,2.39],[33.7,2.39],[33.71,2.39],[33.7,2.39],[33.69,2.39],[33.69,2.38],[33.68,2.38],[33.68,2.37],[33.67,2.37],[33.67,2.36],[33.66,2.36],[33.65,2.36],[33.64,2.36],[33.63,2.36],[33.63,2.35],[33.62,2.35],[33.62,2.34],[33.61,2.34],[33.62,2.34],[33.61,2.34],[33.6,2.34],[33.61,2.34],[33.6,2.34],[33.6,2.33],[33.59,2.33],[33.58,2.33],[33.58,2.34],[33.58,2.33],[33.58,2.34],[33.58,2.33],[33.58,2.34],[33.57,2.34],[33.57,2.33],[33.57,2.34],[33.56,2.34],[33.56,2.35],[33.56,2.36],[33.56,2.35],[33.56,2.36],[33.55,2.36],[33.56,2.36],[33.55,2.36],[33.54,2.36],[33.53,2.36],[33.53,2.35],[33.54,2.35],[33.53,2.35],[33.54,2.35],[33.54,2.34],[33.54,2.33],[33.54,2.32],[33.54,2.31],[33.54,2.3],[33.55,2.29],[33.55,2.28],[33.52,2.26],[33.51,2.26],[33.5,2.25],[33.5,2.24],[33.49,2.24],[33.49,2.23],[33.49,2.24],[33.48,2.24],[33.47,2.24],[33.46,2.24],[33.46,2.25],[33.45,2.25],[33.44,2.25],[33.44,2.24],[33.44,2.23],[33.45,2.23],[33.45,2.22],[33.45,2.23],[33.45,2.22],[33.46,2.22],[33.46,2.21],[33.47,2.21],[33.48,2.21],[33.48,2.2],[33.48,2.19],[33.47,2.19],[33.47,2.18],[33.47,2.17],[33.47,2.16],[33.46,2.16],[33.46,2.15],[33.45,2.15],[33.45,2.14],[33.45,2.13],[33.44,2.12],[33.44,2.11],[33.44,2.12],[33.43,2.12],[33.43,2.13],[33.42,2.13],[33.42,2.14],[33.42,2.15],[33.41,2.14],[33.41,2.13],[33.4,2.13],[33.4,2.12],[33.39,2.12],[33.38,2.12],[33.38,2.11],[33.37,2.11],[33.36,2.11],[33.36,2.1],[33.36,2.09],[33.35,2.08],[33.35,2.07],[33.35,2.06],[33.36,2.06],[33.36,2.05],[33.36,2.04],[33.36,2.03],[33.35,2.03],[33.34,2.04],[33.34,2.05],[33.33,2.05],[33.33,2.06],[33.32,2.05],[33.31,2.06],[33.31,2.05],[33.3,2.05],[33.29,2.05],[33.29,2.04],[33.28,2.03],[33.28,2.02],[33.28,2.01],[33.28,2.0],[33.27,1.99],[33.27,1.98],[33.27,1.97],[33.27,1.96],[33.26,1.96],[33.25,1.96],[33.25,1.95],[33.25,1.94],[33.24,1.94],[33.24,1.93],[33.24,1.92],[33.23,1.92],[33.22,1.92],[33.22,1.91],[33.21,1.91],[33.2,1.91],[33.19,1.9],[33.18,1.9],[33.18,1.89],[33.17,1.89],[33.17,1.88],[33.16,1.88],[33.15,1.88],[33.15,1.87],[33.14,1.87],[33.14,1.86],[33.13,1.86],[33.12,1.86],[33.11,1.86],[33.11,1.85],[33.11,1.84],[33.11,1.83],[33.11,1.82],[33.11,1.81],[33.1,1.8],[33.1,1.79],[33.1,1.78],[33.1,1.77],[33.09,1.77],[33.09,1.76],[33.09,1.75],[33.08,1.75],[33.08,1.74],[33.09,1.74],[33.08,1.73],[33.07,1.73],[33.07,1.72],[33.06,1.72],[33.05,1.71],[33.04,1.71],[33.03,1.71],[33.02,1.71],[33.01,1.71],[33.01,1.72],[33.0,1.72],[33.0,1.71],[33.0,1.7],[32.99,1.7],[32.99,1.69],[32.99,1.68],[33.0,1.68],[33.0,1.67],[32.94,1.64],[32.95,1.64],[32.95,1.63],[32.96,1.63],[32.96,1.62],[32.97,1.62],[32.97,1.61],[32.97,1.6],[32.97,1.59],[32.97,1.58],[32.97,1.57],[32.97,1.56],[32.97,1.48],[32.96,1.48],[32.95,1.48],[32.93,1.48],[32.92,1.48],[32.89,1.48],[32.88,1.48],[32.87,1.48],[32.86,1.48],[32.85,1.48],[32.84,1.48],[32.82,1.48]]],[[[33.76,0.1],[33.77,0.09],[33.77,0.08],[33.78,0.09],[33.78,0.08],[33.79,0.08],[33.8,0.08],[33.79,0.08],[33.8,0.08],[33.8,0.09],[33.81,0.09],[33.81,0.08],[33.82,0.08],[33.82,0.07],[33.82,0.08],[33.83,0.08],[33.83,0.09],[33.83,0.08],[33.84,0.08],[33.85,0.09],[33.86,0.09],[33.86,0.08],[33.87,0.08],[33.86,0.08],[33.87,0.08],[33.88,0.08],[33.89,0.08],[33.89,0.09],[33.89,0.08],[33.89,0.09],[33.9,0.09],[33.89,0.09],[33.88,0.09],[33.88,0.08],[33.88,0.09],[33.87,0.09],[33.88,0.09],[33.88,0.1],[33.87,0.1],[33.86,0.09],[33.85,0.1],[33.84,0.1],[33.83,0.1],[33.84,0.1],[33.84,0.11],[33.83,0.11],[33.83,0.1],[33.82,0.11],[33.83,0.11],[33.82,0.11],[33.82,0.12],[33.82,0.11],[33.82,0.12],[33.81,0.12],[33.81,0.13],[33.8,0.13],[33.8,0.14],[33.79,0.13],[33.8,0.13],[33.79,0.12],[33.78,0.12],[33.78,0.13],[33.77,0.13],[33.77,0.12],[33.77,0.11],[33.76,0.11],[33.76,0.1]]]]}},{"type":"Feature","properties":{"key":"central","name":"Central","country":"Uganda"},"geometry":{"type":"MultiPolygon","coordinates":[[[[33.39,0.24],[33.4,0.24],[33.41,0.24],[33.41,0.23],[33.41,0.24],[33.42,0.24],[33.41,0.24],[33.41,0.25],[33.4,0.25],[33.4,0.24],[33.4,0.25],[33.4,0.24],[33.39,0.24]]],[[[33.33,0.31],[33.34,0.31],[33.35,0.31],[33.35,0.32],[33.36,0.32],[33.35,0.32],[33.35,0.33],[33.34,0.33],[33.34,0.32],[33.33,0.31]]],[[[32.3,-0.19],[32.3,-0.2],[32.31,-0.2],[32.32,-0.2],[32.33,-0.2],[32.33,-0.21],[32.33,-0.22],[32.34,-0.21],[32.33,-0.21],[32.33,-0.2],[32.33,-0.19],[32.32,-0.19],[32.32,-0.18],[32.31,-0.19],[32.3,-0.19]]],[[[32.25,-0.19],[32.26,-0.19],[32.26,-0.2],[32.27,-0.2],[32.27,-0.19],[32.28,-0.19],[32.28,-0.18],[32.29,-0.18],[32.3,-0.18],[32.29,-0.18],[32.28,-0.17],[32.27,-0.17],[32.26,-0.17],[32.26,-0.18],[32.27,-0.18],[32.26,-0.19],[32.25,-0.19]]],[[[32.59,-0.09],[32.59,-0.1],[32.6,-0.1],[32.61,-0.1],[32.62,-0.1],[32.63,-0.1],[32.64,-0.1],[32.63,-0.1],[32.64,-0.1],[32.63,-0.1],[32.64,-0.1],[32.63,-0.1],[32.63,-0.09],[32.62,-0.09],[32.61,-0.09],[32.61,-0.08],[32.6,-0.08],[32.6,-0.09],[32.59,-0.09],[32.59,-0.08],[32.59,-0.09]]],[[[33.13,-0.06],[33.14,-0.06],[33.15,-0.06],[33.15,-0.05],[33.16,-0.05],[33.17,-0.05],[33.17,-0.04],[33.16,-0.04],[33.15,-0.04],[33.15,-0.05],[33.14,-0.05],[33.14,-0.06],[33.13,-0.06]]],[[[32.9,-0.0],[32.91,-0.0],[32.92,-0.0],[32.92,-0.01],[32.92,-0.0],[32.93,-0.0],[32.93,0.01],[32.94,0.01],[32.95,0.01],[32.95,0.02],[32.94,0.02],[32.95,0.02],[32.94,0.02],[32.93,0.02],[32.92,0.02],[32.92,0.01],[32.92,0.02],[32.91,0.02],[32.91,0.01],[32.9,0.01],[32.9,0.0]]],[[[32.67,-0.1],[32.67,-0.11],[32.68,-0.11],[32.69,-0.11],[32.7,-0.11],[32.71,-0.11],[32.71,-0.12],[32.72,-0.12],[32.73,-0.13],[32.73,-0.12],[32.74,-0.11],[32.75,-0.11],[32.76,-0.11],[32.76,-0.12],[32.75,-0.12],[32.75,-0.13],[32.74,-0.13],[32.75,-0.13],[32.76,-0.13],[32.76,-0.12],[32.77,-0.12],[32.77,-0.13],[32.78,-0.12],[32.79,-0.12],[32.8,-0.12],[32.8,-0.11],[32.81,-0.1],[32.82,-0.1],[32.82,-0.09],[32.82,-0.08],[32.82,-0.07],[32.81,-0.07],[32.81,-0.06],[32.8,-0.06],[32.8,-0.07],[32.79,-0.07],[32.79,-0.08],[32.79,-0.09],[32.78,-0.09],[32.78,-0.08],[32.78,-0.09],[32.77,-0.09],[32.77,-0.08],[32.78,-0.08],[32.78,-0.07],[32.77,-0.07],[32.77,-0.06],[32.76,-0.06],[32.76,-0.05],[32.76,-0.04],[32.76,-0.03],[32.75,-0.03],[32.75,-0.02],[32.75,-0.03],[32.75,-0.04],[32.76,-0.05],[32.76,-0.06],[32.75,-0.06],[32.75,-0.05],[32.74,-0.05],[32.74,-0.06],[32.74,-0.07],[32.73,-0.07],[32.73,-0.06],[32.72,-0.06],[32.71,-0.05],[32.72,-0.06],[32.71,-0.06],[32.72,-0.07],[32.72,-0.08],[32.73,-0.08],[32.72,-0.08],[32.72,-0.09],[32.71,-0.1],[32.7,-0.09],[32.71,-0.09],[32.7,-0.09],[32.7,-0.1],[32.7,-0.09],[32.69,-0.09],[32.68,-0.09],[32.68,-0.1],[32.67,-0.1]]],[[[32.65,-0.02],[32.65,-0.03],[32.66,-0.03],[32.67,-0.03],[32.68,-0.03],[32.68,-0.04],[32.68,-0.03],[32.67,-0.03],[32.67,-0.02],[32.67,-0.01],[32.67,-0.02],[32.66,-0.02],[32.65,-0.02]]],[[[32.75,0.0],[32.75,-0.01],[32.75,-0.02],[32.76,-0.02],[32.76,-0.03],[32.76,-0.04],[32.77,-0.04],[32.78,-0.04],[32.78,-0.03],[32.78,-0.02],[32.79,-0.02],[32.79,-0.03],[32.8,-0.02],[32.8,-0.01],[32.81,-0.01],[32.81,-0.0],[32.8,-0.0],[32.81,0.01],[32.81,0.02],[32.82,0.02],[32.82,0.03],[32.81,0.03],[32.81,0.04],[32.81,0.05],[32.81,0.04],[32.8,0.04],[32.8,0.03],[32.79,0.03],[32.79,0.04],[32.78,0.04],[32.78,0.03],[32.78,0.02],[32.78,0.01],[32.77,0.01],[32.76,0.01],[32.77,0.01],[32.77,0.0],[32.77,-0.01],[32.76,-0.01],[32.76,-0.0],[32.75,-0.0]]],[[[33.24,0.05],[33.24,0.04],[33.25,0.04],[33.25,0.03],[33.26,0.03],[33.25,0.03],[33.25,0.02],[33.26,0.02],[33.26,0.01],[33.27,0.01],[33.27,0.02],[33.28,0.03],[33.28,0.04],[33.29,0.04],[33.3,0.04],[33.31,0.04],[33.31,0.05],[33.3,0.05],[33.29,0.05],[33.29,0.06],[33.29,0.07],[33.28,0.07],[33.27,0.07],[33.26,0.07],[33.26,0.06],[33.26,0.07],[33.25,0.07],[33.25,0.06],[33.25,0.05],[33.24,0.05]]],[[[33.26,0.08],[33.27,0.08],[33.27,0.07],[33.27,0.08],[33.26,0.08]]],[[[33.03,0.1],[33.03,0.09],[33.04,0.09],[33.05,0.09],[33.05,0.1],[33.04,0.1],[33.03,0.1]]],[[[33.16,0.2],[33.17,0.2],[33.17,0.19],[33.16,0.19],[33.17,0.18],[33.17,0.19],[33.18,0.19],[33.18,0.2],[33.17,0.2],[33.17,0.21],[33.16,0.21],[33.16,0.2]]],[[[33.13,0.12],[33.14,0.12],[33.14,0.11],[33.15,0.11],[33.15,0.12],[33.15,0.13],[33.14,0.13],[33.13,0.13],[33.13,0.12]]],[[[33.15,0.17],[33.15,0.16],[33.16,0.16],[33.17,0.16],[33.17,0.15],[33.16,0.15],[33.15,0.15],[33.15,0.14],[33.16,0.14],[33.16,0.13],[33.17,0.12],[33.16,0.12],[33.16,0.11],[33.17,0.11],[33.18,0.11],[33.18,0.12],[33.17,0.12],[33.17,0.13],[33.17,0.14],[33.18,0.14],[33.18,0.15],[33.18,0.16],[33.19,0.16],[33.19,0.17],[33.18,0.17],[33.17,0.17],[33.17,0.16],[33.17,0.17],[33.16,0.17],[33.15,0.17]]],[[[33.07,0.1],[33.08,0.1],[33.09,0.1],[33.09,0.09],[33.09,0.08],[33.1,0.08],[33.1,0.09],[33.11,0.09],[33.11,0.1],[33.12,0.1],[33.13,0.1],[33.12,0.1],[33.12,0.11],[33.11,0.11],[33.1,0.11],[33.11,0.11],[33.1,0.11],[33.1,0.1],[33.09,0.11],[33.08,0.11],[33.07,0.1]]],[[[33.2,0.25],[33.2,0.26],[33.21,0.26],[33.21,0.25],[33.22,0.25],[33.23,0.24],[33.24,0.24],[33.24,0.23],[33.25,0.23],[33.26,0.22],[33.27,0.21],[33.26,0.2],[33.27,0.2],[33.27,0.19],[33.26,0.19],[33.25,0.18],[33.25,0.19],[33.24,0.19],[33.23,0.18],[33.22,0.19],[33.22,0.2],[33.21,0.2],[33.2,0.2],[33.21,0.2],[33.21,0.19],[33.22,0.19],[33.22,0.18],[33.23,0.18],[33.23,0.17],[33.22,0.17],[33.23,0.17],[33.23,0.16],[33.24,0.16],[33.24,0.17],[33.24,0.18],[33.25,0.18],[33.25,0.17],[33.26,0.17],[33.26,0.16],[33.27,0.16],[33.27,0.15],[33.27,0.14],[33.28,0.14],[33.28,0.13],[33.29,0.13],[33.28,0.13],[33.28,0.12],[33.29,0.12],[33.28,0.12],[33.28,0.11],[33.29,0.11],[33.3,0.12],[33.3,0.13],[33.3,0.14],[33.31,0.14],[33.31,0.15],[33.31,0.14],[33.31,0.13],[33.31,0.12],[33.31,0.11],[33.31,0.1],[33.31,0.09],[33.32,0.09],[33.33,0.09],[33.32,0.08],[33.33,0.08],[33.33,0.09],[33.34,0.09],[33.34,0.1],[33.33,0.1],[33.33,0.09],[33.33,0.1],[33.32,0.1],[33.32,0.11],[33.32,0.12],[33.32,0.13],[33.32,0.14],[33.32,0.15],[33.33,0.15],[33.34,0.15],[33.34,0.16],[33.33,0.16],[33.32,0.17],[33.33,0.17],[33.32,0.17],[33.32,0.18],[33.32,0.19],[33.33,0.19],[33.32,0.19],[33.32,0.2],[33.33,0.2],[33.32,0.21],[33.32,0.22],[33.33,0.22],[33.34,0.22],[33.34,0.21],[33.35,0.22],[33.35,0.21],[33.36,0.21],[33.36,0.22],[33.35,0.22],[33.36,0.23],[33.37,0.23],[33.37,0.22],[33.38,0.22],[33.38,0.23],[33.38,0.24],[33.38,0.25],[33.39,0.25],[33.4,0.26],[33.39,0.26],[33.39,0.27],[33.39,0.28],[33.38,0.28],[33.38,0.29],[33.38,0.3],[33.38,0.31],[33.37,0.31],[33.36,0.31],[33.35,0.31],[33.35,0.3],[33.36,0.3],[33.37,0.3],[33.37,0.29],[33.38,0.28],[33.38,0.27],[33.37,0.27],[33.37,0.28],[33.36,0.28],[33.35,0.29],[33.35,0.28],[33.36,0.28],[33.36,0.27],[33.35,0.27],[33.35,0.26],[33.34,0.26],[33.35,0.26],[33.35,0.25],[33.36,0.25],[33.35,0.24],[33.35,0.25],[33.34,0.25],[33.33,0.25],[33.34,0.25],[33.34,0.24],[33.33,0.24],[33.33,0.25],[33.32,0.25],[33.32,0.24],[33.32,0.25],[33.31,0.25],[33.32,0.25],[33.32,0.26],[33.32,0.27],[33.32,0.28],[33.31,0.28],[33.31,0.27],[33.3,0.27],[33.3,0.26],[33.3,0.27],[33.29,0.27],[33.29,0.28],[33.3,0.28],[33.29,0.29],[33.3,0.29],[33.29,0.3],[33.3,0.3],[33.31,0.3],[33.32,0.31],[33.31,0.31],[33.3,0.31],[33.29,0.31],[33.28,0.31],[33.27,0.31],[33.26,0.31],[33.25,0.3],[33.24,0.3],[33.23,0.3],[33.23,0.29],[33.22,0.29],[33.22,0.28],[33.21,0.28],[33.21,0.27],[33.21,0.26],[33.2,0.26],[33.2,0.25]]],[[[31.82,-1.0],[31.83,-1.01],[31.83,-1.02],[31.83,-1.03],[31.84,-1.03],[31.84,-1.02],[31.84,-1.01],[31.84,-1.0],[31.83,-1.0],[31.82,-1.0]]],[[[32.35,-0.65],[32.36,-0.65],[32.36,-0.64],[32.36,-0.63],[32.36,-0.62],[32.36,-0.61],[32.36,-0.62],[32.35,-0.62],[32.35,-0.61],[32.35,-0.62],[32.36,-0.62],[32.35,-0.64],[32.35,-0.65]]],[[[32.33,-0.68],[32.33,-0.67],[32.33,-0.68],[32.33,-0.67],[32.34,-0.67],[32.34,-0.66],[32.34,-0.65],[32.35,-0.65],[32.34,-0.65],[32.34,-0.64],[32.34,-0.65],[32.33,-0.66],[32.33,-0.67],[32.33,-0.68]]],[[[32.29,-0.66],[32.3,-0.66],[32.31,-0.66],[32.31,-0.65],[32.31,-0.64],[32.32,-0.64],[32.32,-0.63],[32.31,-0.63],[32.31,-0.62],[32.31,-0.63],[32.31,-0.64],[32.31,-0.65],[32.3,-0.65],[32.3,-0.66],[32.29,-0.66]]],[[[32.22,-0.57],[32.22,-0.58],[32.23,-0.58],[32.23,-0.57],[32.24,-0.57],[32.24,-0.56],[32.23,-0.57],[32.22,-0.57]]],[[[32.35,-0.42],[32.35,-0.43],[32.36,-0.43],[32.37,-0.43],[32.37,-0.42],[32.37,-0.43],[32.37,-0.42],[32.36,-0.42],[32.37,-0.42],[32.37,-0.41],[32.36,-0.41],[32.37,-0.41],[32.38,-0.41],[32.38,-0.42],[32.38,-0.41],[32.39,-0.41],[32.39,-0.42],[32.4,-0.42],[32.4,-0.41],[32.41,-0.41],[32.41,-0.4],[32.4,-0.4],[32.4,-0.41],[32.39,-0.41],[32.4,-0.41],[32.4,-0.4],[32.39,-0.39],[32.38,-0.39],[32.38,-0.4],[32.38,-0.39],[32.37,-0.39],[32.37,-0.4],[32.36,-0.4],[32.35,-0.41],[32.35,-0.42]]],[[[32.41,-0.39],[32.42,-0.39],[32.42,-0.4],[32.43,-0.4],[32.43,-0.39],[32.42,-0.38],[32.42,-0.39],[32.42,-0.38],[32.41,-0.38],[32.41,-0.39]]],[[[32.31,-0.45],[32.31,-0.46],[32.32,-0.46],[32.33,-0.46],[32.34,-0.46],[32.33,-0.46],[32.33,-0.47],[32.34,-0.47],[32.34,-0.46],[32.35,-0.46],[32.35,-0.45],[32.35,-0.44],[32.36,-0.45],[32.36,-0.44],[32.35,-0.44],[32.34,-0.44],[32.33,-0.44],[32.32,-0.44],[32.32,-0.45],[32.31,-0.45]]],[[[32.29,-0.51],[32.29,-0.52],[32.3,-0.52],[32.3,-0.53],[32.31,-0.54],[32.31,-0.53],[32.31,-0.52],[32.31,-0.51],[32.32,-0.51],[32.32,-0.5],[32.32,-0.51],[32.32,-0.5],[32.33,-0.5],[32.33,-0.49],[32.32,-0.49],[32.32,-0.48],[32.31,-0.48],[32.3,-0.48],[32.3,-0.49],[32.3,-0.5],[32.3,-0.51],[32.3,-0.5],[32.31,-0.5],[32.31,-0.51],[32.3,-0.51],[32.29,-0.51]]],[[[32.23,-0.49],[32.24,-0.49],[32.24,-0.48],[32.24,-0.47],[32.24,-0.48],[32.23,-0.48],[32.23,-0.49]]],[[[32.57,-0.33],[32.57,-0.34],[32.58,-0.34],[32.59,-0.34],[32.59,-0.33],[32.6,-0.33],[32.59,-0.33],[32.59,-0.34],[32.6,-0.34],[32.61,-0.34],[32.61,-0.33],[32.62,-0.33],[32.61,-0.33],[32.61,-0.32],[32.62,-0.32],[32.62,-0.31],[32.61,-0.31],[32.61,-0.32],[32.6,-0.32],[32.59,-0.32],[32.59,-0.31],[32.58,-0.31],[32.57,-0.31],[32.58,-0.31],[32.58,-0.32],[32.57,-0.32],[32.58,-0.32],[32.57,-0.32],[32.57,-0.33]]],[[[32.45,-0.49],[32.46,-0.5],[32.46,-0.49],[32.47,-0.49],[32.48,-0.49],[32.49,-0.49],[32.49,-0.48],[32.5,-0.48],[32.49,-0.48],[32.49,-0.47],[32.5,-0.47],[32.49,-0.47],[32.49,-0.46],[32.5,-0.46],[32.51,-0.46],[32.51,-0.45],[32.51,-0.44],[32.52,-0.44],[32.52,-0.43],[32.53,-0.43],[32.53,-0.42],[32.53,-0.41],[32.54,-0.41],[32.53,-0.41],[32.52,-0.41],[32.52,-0.4],[32.52,-0.39],[32.53,-0.39],[32.53,-0.38],[32.52,-0.38],[32.52,-0.37],[32.51,-0.37],[32.51,-0.38],[32.51,-0.39],[32.52,-0.39],[32.51,-0.4],[32.5,-0.41],[32.5,-0.42],[32.49,-0.42],[32.49,-0.41],[32.49,-0.42],[32.48,-0.42],[32.47,-0.42],[32.46,-0.42],[32.46,-0.41],[32.46,-0.42],[32.47,-0.42],[32.46,-0.43],[32.47,-0.43],[32.47,-0.42],[32.48,-0.43],[32.49,-0.43],[32.48,-0.44],[32.49,-0.44],[32.48,-0.44],[32.48,-0.45],[32.49,-0.45],[32.49,-0.46],[32.48,-0.46],[32.48,-0.47],[32.47,-0.47],[32.47,-0.48],[32.46,-0.48],[32.45,-0.48],[32.45,-0.49]]],[[[32.29,-0.39],[32.3,-0.39],[32.3,-0.4],[32.3,-0.41],[32.31,-0.4],[32.31,-0.41],[32.31,-0.42],[32.32,-0.42],[32.32,-0.41],[32.33,-0.41],[32.33,-0.4],[32.33,-0.39],[32.32,-0.39],[32.32,-0.38],[32.32,-0.37],[32.31,-0.37],[32.31,-0.36],[32.3,-0.36],[32.29,-0.36],[32.29,-0.37],[32.29,-0.38],[32.29,-0.39]]],[[[32.53,-0.38],[32.54,-0.38],[32.54,-0.39],[32.54,-0.4],[32.55,-0.4],[32.55,-0.39],[32.54,-0.39],[32.54,-0.38],[32.55,-0.38],[32.55,-0.37],[32.56,-0.37],[32.56,-0.36],[32.55,-0.36],[32.55,-0.37],[32.54,-0.38],[32.54,-0.37],[32.53,-0.37],[32.53,-0.38]]],[[[32.43,-0.38],[32.44,-0.38],[32.45,-0.38],[32.46,-0.38],[32.46,-0.37],[32.47,-0.37],[32.47,-0.38],[32.48,-0.38],[32.48,-0.37],[32.47,-0.37],[32.46,-0.37],[32.46,-0.36],[32.47,-0.36],[32.48,-0.36],[32.48,-0.35],[32.49,-0.35],[32.49,-0.36],[32.49,-0.35],[32.5,-0.35],[32.49,-0.35],[32.49,-0.34],[32.48,-0.34],[32.47,-0.34],[32.46,-0.35],[32.45,-0.35],[32.45,-0.34],[32.44,-0.34],[32.44,-0.35],[32.44,-0.36],[32.44,-0.37],[32.43,-0.37],[32.44,-0.37],[32.45,-0.37],[32.44,-0.38],[32.43,-0.38]]],[[[32.05,-0.25],[32.06,-0.25],[32.06,-0.26],[32.07,-0.26],[32.07,-0.27],[32.08,-0.27],[32.09,-0.27],[32.09,-0.26],[32.1,-0.27],[32.11,-0.28],[32.1,-0.28],[32.11,-0.29],[32.12,-0.3],[32.11,-0.3],[32.11,-0.31],[32.11,-0.32],[32.12,-0.32],[32.13,-0.32],[32.14,-0.32],[32.15,-0.33],[32.16,-0.33],[32.17,-0.33],[32.18,-0.33],[32.19,-0.34],[32.19,-0.33],[32.19,-0.32],[32.2,-0.32],[32.21,-0.32],[32.21,-0.33],[32.22,-0.33],[32.23,-0.33],[32.23,-0.34],[32.24,-0.34],[32.24,-0.35],[32.24,-0.36],[32.24,-0.37],[32.25,-0.37],[32.25,-0.38],[32.25,-0.39],[32.25,-0.4],[32.24,-0.4],[32.24,-0.39],[32.23,-0.39],[32.22,-0.39],[32.22,-0.4],[32.22,-0.41],[32.21,-0.41],[32.2,-0.42],[32.19,-0.42],[32.18,-0.42],[32.18,-0.43],[32.18,-0.44],[32.17,-0.44],[32.17,-0.45],[32.18,-0.45],[32.18,-0.46],[32.17,-0.46],[32.18,-0.47],[32.17,-0.47],[32.17,-0.48],[32.17,-0.47],[32.16,-0.47],[32.16,-0.48],[32.15,-0.48],[32.15,-0.49],[32.16,-0.49],[32.17,-0.49],[32.17,-0.5],[32.16,-0.5],[32.16,-0.51],[32.15,-0.5],[32.14,-0.5],[32.14,-0.51],[32.15,-0.51],[32.15,-0.52],[32.14,-0.52],[32.15,-0.53],[32.14,-0.53],[32.15,-0.53],[32.15,-0.54],[32.16,-0.54],[32.17,-0.54],[32.17,-0.53],[32.17,-0.52],[32.17,-0.51],[32.17,-0.5],[32.18,-0.5],[32.19,-0.5],[32.2,-0.5],[32.21,-0.5],[32.21,-0.49],[32.2,-0.49],[32.2,-0.48],[32.21,-0.48],[32.2,-0.47],[32.19,-0.46],[32.2,-0.46],[32.21,-0.47],[32.21,-0.46],[32.21,-0.45],[32.22,-0.45],[32.22,-0.46],[32.22,-0.45],[32.23,-0.45],[32.23,-0.46],[32.23,-0.45],[32.24,-0.45],[32.25,-0.45],[32.25,-0.46],[32.24,-0.46],[32.24,-0.47],[32.25,-0.47],[32.26,-0.47],[32.25,-0.48],[32.26,-0.48],[32.26,-0.49],[32.27,-0.49],[32.27,-0.48],[32.27,-0.47],[32.27,-0.46],[32.28,-0.46],[32.28,-0.47],[32.28,-0.48],[32.29,-0.48],[32.29,-0.47],[32.3,-0.47],[32.3,-0.46],[32.29,-0.46],[32.29,-0.45],[32.29,-0.44],[32.28,-0.44],[32.28,-0.43],[32.28,-0.42],[32.29,-0.41],[32.29,-0.4],[32.28,-0.4],[32.28,-0.39],[32.28,-0.38],[32.27,-0.38],[32.28,-0.38],[32.28,-0.37],[32.27,-0.37],[32.28,-0.36],[32.28,-0.35],[32.29,-0.34],[32.3,-0.34],[32.3,-0.33],[32.31,-0.33],[32.32,-0.33],[32.32,-0.34],[32.33,-0.34],[32.33,-0.33],[32.33,-0.32],[32.32,-0.32],[32.32,-0.33],[32.32,-0.32],[32.32,-0.33],[32.31,-0.33],[32.31,-0.32],[32.31,-0.31],[32.3,-0.31],[32.3,-0.3],[32.3,-0.29],[32.29,-0.29],[32.29,-0.3],[32.29,-0.31],[32.28,-0.32],[32.27,-0.32],[32.26,-0.32],[32.26,-0.31],[32.26,-0.3],[32.26,-0.29],[32.26,-0.3],[32.25,-0.3],[32.24,-0.31],[32.24,-0.3],[32.23,-0.3],[32.22,-0.3],[32.22,-0.31],[32.21,-0.31],[32.2,-0.31],[32.19,-0.31],[32.18,-0.31],[32.17,-0.31],[32.16,-0.31],[32.16,-0.3],[32.16,-0.29],[32.16,-0.28],[32.16,-0.27],[32.16,-0.26],[32.17,-0.26],[32.18,-0.25],[32.19,-0.25],[32.19,-0.24],[32.19,-0.23],[32.2,-0.23],[32.19,-0.23],[32.18,-0.22],[32.18,-0.23],[32.17,-0.24],[32.16,-0.24],[32.15,-0.24],[32.15,-0.23],[32.14,-0.23],[32.14,-0.22],[32.13,-0.22],[32.13,-0.23],[32.12,-0.23],[32.11,-0.23],[32.11,-0.22],[32.1,-0.22],[32.1,-0.23],[32.09,-0.23],[32.08,-0.22],[32.07,-0.22],[32.06,-0.22],[32.07,-0.22],[32.07,-0.23],[32.08,-0.24],[32.07,-0.25],[32.06,-0.25],[32.05,-0.25]]],[[[32.36,-0.36],[32.36,-0.37],[32.37,-0.38],[32.38,-0.37],[32.39,-0.37],[32.4,-0.37],[32.41,-0.37],[32.42,-0.37],[32.43,-0.36],[32.42,-0.36],[32.41,-0.36],[32.41,-0.35],[32.4,-0.35],[32.4,-0.34],[32.41,-0.34],[32.4,-0.34],[32.39,-0.34],[32.39,-0.33],[32.4,-0.33],[32.39,-0.33],[32.38,-0.33],[32.38,-0.34],[32.39,-0.35],[32.38,-0.35],[32.39,-0.35],[32.39,-0.36],[32.38,-0.37],[32.37,-0.37],[32.37,-0.36],[32.36,-0.36]]],[[[32.56,-0.36],[32.57,-0.36],[32.58,-0.36],[32.58,-0.35],[32.57,-0.35],[32.57,-0.36],[32.56,-0.36],[32.57,-0.36],[32.56,-0.36]]],[[[32.5,-0.37],[32.51,-0.37],[32.52,-0.37],[32.52,-0.36],[32.53,-0.36],[32.54,-0.36],[32.53,-0.36],[32.53,-0.35],[32.53,-0.34],[32.54,-0.34],[32.53,-0.34],[32.52,-0.34],[32.52,-0.33],[32.52,-0.32],[32.51,-0.32],[32.51,-0.33],[32.52,-0.33],[32.52,-0.34],[32.52,-0.35],[32.53,-0.35],[32.52,-0.35],[32.52,-0.36],[32.51,-0.36],[32.51,-0.37],[32.5,-0.37]]],[[[32.31,-0.23],[32.32,-0.23],[32.33,-0.24],[32.33,-0.25],[32.34,-0.25],[32.34,-0.24],[32.34,-0.23],[32.35,-0.24],[32.35,-0.25],[32.35,-0.26],[32.36,-0.26],[32.36,-0.27],[32.36,-0.26],[32.37,-0.26],[32.37,-0.27],[32.38,-0.27],[32.38,-0.26],[32.38,-0.25],[32.38,-0.24],[32.37,-0.24],[32.37,-0.25],[32.36,-0.24],[32.35,-0.24],[32.35,-0.23],[32.34,-0.23],[32.33,-0.23],[32.32,-0.22],[32.32,-0.23],[32.31,-0.23]]],[[[32.56,-0.23],[32.57,-0.23],[32.58,-0.23],[32.59,-0.24],[32.59,-0.23],[32.58,-0.23],[32.59,-0.23],[32.59,-0.22],[32.58,-0.22],[32.59,-0.22],[32.58,-0.22],[32.57,-0.22],[32.56,-0.22],[32.56,-0.23]]],[[[32.43,-0.26],[32.44,-0.26],[32.45,-0.26],[32.45,-0.25],[32.44,-0.25],[32.44,-0.26],[32.43,-0.26]]],[[[32.09,1.65],[32.09,1.64],[32.08,1.64],[32.09,1.63],[32.09,1.62],[32.08,1.62],[32.08,1.61],[32.09,1.61],[32.09,1.6],[32.09,1.59],[32.08,1.59],[32.07,1.59],[32.07,1.58],[32.06,1.58],[32.06,1.57],[32.05,1.57],[32.05,1.56],[32.05,1.55],[32.04,1.55],[32.04,1.54],[32.04,1.55],[32.03,1.55],[32.03,1.54],[32.02,1.55],[32.02,1.54],[32.01,1.54],[32.0,1.54],[32.0,1.55],[32.0,1.54],[32.0,1.53],[31.99,1.53],[31.99,1.52],[31.98,1.52],[31.98,1.51],[31.99,1.51],[31.98,1.51],[31.97,1.51],[31.97,1.5],[31.98,1.5],[31.97,1.5],[31.97,1.49],[31.97,1.48],[31.97,1.47],[31.97,1.46],[31.96,1.46],[31.96,1.47],[31.96,1.46],[31.95,1.46],[31.94,1.46],[31.93,1.46],[31.93,1.45],[31.92,1.45],[31.91,1.45],[31.91,1.44],[31.9,1.44],[31.9,1.43],[31.89,1.43],[31.89,1.42],[31.89,1.43],[31.88,1.43],[31.88,1.42],[31.87,1.42],[31.87,1.41],[31.87,1.4],[31.86,1.4],[31.86,1.39],[31.85,1.38],[31.85,1.37],[31.84,1.37],[31.83,1.37],[31.83,1.36],[31.82,1.36],[31.81,1.36],[31.8,1.36],[31.79,1.36],[31.79,1.35],[31.78,1.35],[31.77,1.35],[31.77,1.34],[31.76,1.34],[31.76,1.33],[31.75,1.33],[31.74,1.33],[31.73,1.33],[31.72,1.33],[31.72,1.34],[31.72,1.33],[31.72,1.34],[31.71,1.33],[31.71,1.34],[31.7,1.34],[31.69,1.34],[31.68,1.34],[31.67,1.34],[31.67,1.35],[31.66,1.35],[31.65,1.35],[31.64,1.35],[31.63,1.35],[31.62,1.35],[31.62,1.34],[31.62,1.35],[31.61,1.35],[31.61,1.34],[31.61,1.35],[31.6,1.35],[31.59,1.35],[31.59,1.36],[31.58,1.36],[31.57,1.36],[31.57,1.37],[31.56,1.37],[31.55,1.37],[31.54,1.37],[31.54,1.36],[31.54,1.37],[31.53,1.37],[31.53,1.36],[31.52,1.36],[31.52,1.35],[31.51,1.35],[31.51,1.34],[31.5,1.33],[31.49,1.33],[31.49,1.32],[31.48,1.32],[31.47,1.31],[31.46,1.31],[31.46,1.3],[31.45,1.3],[31.46,1.3],[31.46,1.29],[31.46,1.28],[31.45,1.28],[31.44,1.27],[31.43,1.27],[31.42,1.27],[31.41,1.27],[31.4,1.27],[31.39,1.27],[31.38,1.26],[31.37,1.25],[31.37,1.24],[31.36,1.24],[31.35,1.24],[31.34,1.24],[31.33,1.24],[31.32,1.24],[31.31,1.24],[31.31,1.23],[31.3,1.22],[31.29,1.21],[31.3,1.21],[31.3,1.2],[31.31,1.2],[31.32,1.2],[31.33,1.2],[31.33,1.19],[31.34,1.19],[31.34,1.18],[31.35,1.18],[31.35,1.17],[31.36,1.17],[31.37,1.17],[31.37,1.16],[31.38,1.16],[31.39,1.16],[31.39,1.17],[31.4,1.17],[31.4,1.16],[31.41,1.16],[31.42,1.16],[31.42,1.15],[31.42,1.14],[31.42,1.13],[31.43,1.13],[31.43,1.12],[31.44,1.12],[31.44,1.11],[31.45,1.11],[31.45,1.1],[31.46,1.09],[31.46,1.08],[31.47,1.08],[31.48,1.07],[31.48,1.06],[31.49,1.06],[31.5,1.06],[31.5,1.05],[31.5,1.06],[31.5,1.05],[31.51,1.05],[31.51,1.04],[31.52,1.04],[31.53,1.03],[31.53,1.02],[31.53,1.01],[31.52,1.01],[31.52,1.0],[31.51,1.0],[31.51,0.99],[31.5,0.99],[31.49,0.99],[31.49,0.98],[31.48,0.98],[31.48,0.97],[31.47,0.97],[31.46,0.97],[31.46,0.96],[31.45,0.96],[31.44,0.96],[31.44,0.95],[31.43,0.95],[31.43,0.94],[31.43,0.93],[31.43,0.92],[31.44,0.92],[31.44,0.91],[31.45,0.91],[31.44,0.91],[31.44,0.9],[31.45,0.9],[31.45,0.91],[31.45,0.9],[31.45,0.89],[31.45,0.88],[31.45,0.87],[31.45,0.86],[31.44,0.86],[31.44,0.85],[31.44,0.84],[31.44,0.83],[31.44,0.82],[31.43,0.82],[31.42,0.82],[31.42,0.81],[31.41,0.81],[31.4,0.81],[31.4,0.8],[31.4,0.79],[31.41,0.77],[31.41,0.76],[31.41,0.75],[31.41,0.74],[31.4,0.75],[31.4,0.74],[31.39,0.74],[31.39,0.73],[31.39,0.72],[31.38,0.72],[31.38,0.71],[31.37,0.71],[31.36,0.71],[31.35,0.71],[31.35,0.72],[31.34,0.72],[31.33,0.72],[31.33,0.73],[31.32,0.73],[31.31,0.73],[31.31,0.74],[31.3,0.74],[31.29,0.74],[31.29,0.73],[31.29,0.72],[31.29,0.71],[31.28,0.71],[31.28,0.7],[31.27,0.7],[31.27,0.69],[31.27,0.68],[31.26,0.68],[31.26,0.67],[31.25,0.67],[31.25,0.66],[31.24,0.66],[31.24,0.65],[31.24,0.64],[31.23,0.64],[31.22,0.64],[31.21,0.63],[31.22,0.63],[31.23,0.62],[31.24,0.62],[31.24,0.61],[31.25,0.61],[31.25,0.6],[31.26,0.59],[31.26,0.58],[31.26,0.57],[31.25,0.56],[31.25,0.55],[31.24,0.55],[31.24,0.54],[31.25,0.53],[31.24,0.53],[31.24,0.52],[31.23,0.52],[31.22,0.52],[31.21,0.52],[31.21,0.51],[31.2,0.51],[31.19,0.51],[31.18,0.51],[31.17,0.51],[31.16,0.51],[31.15,0.51],[31.14,0.51],[31.14,0.5],[31.14,0.49],[31.14,0.48],[31.14,0.47],[31.14,0.46],[31.14,0.45],[31.13,0.45],[31.13,0.44],[31.12,0.44],[31.12,0.43],[31.12,0.42],[31.11,0.42],[31.11,0.41],[31.12,0.41],[31.12,0.4],[31.12,0.39],[31.12,0.38],[31.13,0.38],[31.13,0.37],[31.14,0.37],[31.13,0.37],[31.14,0.37],[31.14,0.36],[31.14,0.35],[31.14,0.34],[31.13,0.34],[31.13,0.33],[31.12,0.33],[31.12,0.32],[31.12,0.31],[31.11,0.31],[31.11,0.3],[31.1,0.3],[31.1,0.29],[31.09,0.29],[31.09,0.28],[31.08,0.28],[31.07,0.27],[31.06,0.27],[31.06,0.26],[31.05,0.25],[31.04,0.25],[31.04,0.24],[31.03,0.24],[31.03,0.23],[31.02,0.23],[31.02,0.22],[31.03,0.22],[31.03,0.21],[31.02,0.21],[31.02,0.2],[31.01,0.2],[31.01,0.19],[31.01,0.18],[31.02,0.18],[31.02,0.17],[31.03,0.16],[31.03,0.15],[31.04,0.15],[31.05,0.15],[31.05,0.14],[31.05,0.13],[31.05,0.12],[31.06,0.12],[31.05,0.12],[31.05,0.11],[31.05,0.1],[31.04,0.1],[31.04,0.09],[31.05,0.09],[31.05,0.08],[31.05,0.09],[31.05,0.08],[31.05,0.07],[31.05,0.06],[31.06,0.06],[31.05,0.06],[31.05,0.05],[31.06,0.05],[31.06,0.04],[31.05,0.04],[31.06,0.04],[31.06,0.03],[31.06,0.02],[31.06,0.01],[31.05,0.01],[31.04,0.01],[31.04,0.0],[31.03,-0.0],[31.03,-0.01],[31.03,-0.02],[31.02,-0.02],[31.03,-0.03],[31.04,-0.03],[31.05,-0.02],[31.06,-0.03],[31.07,-0.03],[31.07,-0.02],[31.08,-0.02],[31.08,-0.03],[31.09,-0.03],[31.09,-0.04],[31.09,-0.05],[31.1,-0.05],[31.1,-0.06],[31.1,-0.07],[31.1,-0.08],[31.1,-0.09],[31.1,-0.1],[31.1,-0.11],[31.1,-0.12],[31.1,-0.13],[31.09,-0.13],[31.09,-0.14],[31.09,-0.15],[31.09,-0.16],[31.09,-0.17],[31.08,-0.17],[31.08,-0.18],[31.08,-0.19],[31.08,-0.2],[31.07,-0.2],[31.07,-0.21],[31.07,-0.22],[31.07,-0.23],[31.07,-0.24],[31.07,-0.25],[31.07,-0.26],[31.07,-0.27],[31.08,-0.28],[31.08,-0.29],[31.08,-0.3],[31.09,-0.31],[31.09,-0.32],[31.1,-0.34],[31.11,-0.36],[31.11,-0.37],[31.12,-0.37],[31.12,-0.38],[31.12,-0.39],[31.12,-0.4],[31.13,-0.42],[31.14,-0.42],[31.15,-0.43],[31.15,-0.44],[31.15,-0.45],[31.15,-0.46],[31.15,-0.47],[31.15,-0.48],[31.15,-0.49],[31.15,-0.5],[31.15,-0.51],[31.15,-0.52],[31.15,-0.53],[31.14,-0.53],[31.14,-0.54],[31.14,-0.55],[31.13,-0.56],[31.13,-0.57],[31.12,-0.57],[31.12,-0.58],[31.13,-0.58],[31.12,-0.58],[31.12,-0.59],[31.11,-0.6],[31.1,-0.61],[31.1,-0.62],[31.1,-0.63],[31.09,-0.63],[31.09,-0.64],[31.09,-0.65],[31.09,-0.66],[31.09,-0.67],[31.1,-0.67],[31.11,-0.68],[31.12,-0.68],[31.13,-0.68],[31.13,-0.69],[31.14,-0.69],[31.15,-0.7],[31.15,-0.71],[31.16,-0.71],[31.16,-0.72],[31.17,-0.72],[31.17,-0.73],[31.18,-0.73],[31.19,-0.74],[31.19,-0.75],[31.2,-0.75],[31.2,-0.76],[31.2,-0.77],[31.2,-0.78],[31.2,-0.79],[31.19,-0.79],[31.19,-0.8],[31.19,-0.82],[31.2,-0.82],[31.2,-0.83],[31.21,-0.83],[31.22,-0.83],[31.22,-0.84],[31.23,-0.84],[31.23,-0.85],[31.2,-0.87],[31.21,-0.87],[31.21,-0.88],[31.2,-0.88],[31.2,-0.89],[31.21,-0.9],[31.25,-0.93],[31.27,-0.95],[31.26,-0.98],[31.27,-1.0],[31.42,-1.0],[31.55,-1.0],[31.76,-1.0],[31.77,-1.0],[31.78,-1.0],[31.79,-1.0],[31.79,-0.99],[31.78,-0.99],[31.78,-0.98],[31.78,-0.99],[31.78,-0.98],[31.78,-0.97],[31.77,-0.97],[31.77,-0.96],[31.77,-0.95],[31.78,-0.95],[31.78,-0.94],[31.77,-0.94],[31.77,-0.93],[31.77,-0.92],[31.76,-0.92],[31.76,-0.91],[31.77,-0.91],[31.77,-0.9],[31.77,-0.89],[31.77,-0.88],[31.77,-0.87],[31.77,-0.88],[31.77,-0.87],[31.77,-0.88],[31.76,-0.88],[31.76,-0.87],[31.76,-0.86],[31.75,-0.86],[31.75,-0.85],[31.74,-0.85],[31.73,-0.85],[31.73,-0.86],[31.72,-0.86],[31.71,-0.87],[31.71,-0.86],[31.7,-0.86],[31.7,-0.85],[31.7,-0.83],[31.7,-0.81],[31.7,-0.79],[31.71,-0.77],[31.73,-0.75],[31.74,-0.73],[31.75,-0.72],[31.76,-0.7],[31.77,-0.68],[31.79,-0.67],[31.81,-0.65],[31.8,-0.64],[31.79,-0.64],[31.78,-0.63],[31.78,-0.62],[31.79,-0.6],[31.79,-0.59],[31.79,-0.58],[31.79,-0.57],[31.81,-0.55],[31.82,-0.54],[31.82,-0.53],[31.83,-0.52],[31.83,-0.51],[31.84,-0.5],[31.85,-0.49],[31.87,-0.47],[31.88,-0.46],[31.89,-0.46],[31.89,-0.45],[31.9,-0.45],[31.9,-0.44],[31.91,-0.44],[31.91,-0.43],[31.92,-0.43],[31.93,-0.42],[31.94,-0.41],[31.95,-0.39],[31.96,-0.38],[31.97,-0.37],[31.97,-0.36],[31.98,-0.35],[31.98,-0.34],[31.99,-0.34],[31.98,-0.34],[31.99,-0.33],[31.99,-0.32],[32.0,-0.32],[32.01,-0.31],[32.02,-0.3],[32.03,-0.3],[32.04,-0.3],[32.04,-0.31],[32.04,-0.32],[32.04,-0.33],[32.04,-0.32],[32.04,-0.31],[32.04,-0.3],[32.03,-0.3],[32.03,-0.29],[32.03,-0.28],[32.03,-0.27],[32.02,-0.27],[32.02,-0.28],[32.02,-0.27],[32.02,-0.26],[32.01,-0.26],[32.01,-0.27],[32.0,-0.27],[32.0,-0.26],[32.01,-0.26],[32.0,-0.26],[32.0,-0.25],[31.99,-0.25],[31.99,-0.24],[31.98,-0.24],[31.98,-0.23],[31.99,-0.22],[31.99,-0.21],[31.99,-0.2],[31.98,-0.19],[31.98,-0.18],[31.97,-0.18],[31.96,-0.18],[31.96,-0.19],[31.95,-0.19],[31.94,-0.19],[31.94,-0.2],[31.93,-0.21],[31.93,-0.22],[31.94,-0.22],[31.94,-0.23],[31.94,-0.22],[31.93,-0.23],[31.94,-0.23],[31.94,-0.24],[31.95,-0.24],[31.94,-0.24],[31.95,-0.24],[31.94,-0.25],[31.95,-0.25],[31.95,-0.26],[31.94,-0.26],[31.94,-0.27],[31.95,-0.28],[31.94,-0.28],[31.94,-0.27],[31.93,-0.28],[31.93,-0.27],[31.92,-0.27],[31.92,-0.28],[31.91,-0.28],[31.91,-0.27],[31.9,-0.26],[31.91,-0.25],[31.91,-0.24],[31.92,-0.24],[31.92,-0.23],[31.92,-0.22],[31.92,-0.21],[31.92,-0.2],[31.92,-0.19],[31.92,-0.18],[31.92,-0.17],[31.92,-0.16],[31.93,-0.16],[31.94,-0.16],[31.94,-0.15],[31.94,-0.14],[31.93,-0.15],[31.92,-0.15],[31.92,-0.14],[31.92,-0.15],[31.92,-0.14],[31.92,-0.13],[31.93,-0.13],[31.94,-0.13],[31.95,-0.13],[31.95,-0.12],[31.96,-0.11],[31.97,-0.1],[31.98,-0.09],[31.99,-0.09],[32.0,-0.09],[32.01,-0.09],[32.02,-0.09],[32.03,-0.09],[32.04,-0.09],[32.05,-0.09],[32.06,-0.1],[32.07,-0.1],[32.08,-0.1],[32.08,-0.09],[32.08,-0.08],[32.07,-0.08],[32.07,-0.07],[32.06,-0.07],[32.06,-0.06],[32.05,-0.06],[32.05,-0.07],[32.04,-0.07],[32.03,-0.07],[32.02,-0.06],[32.02,-0.05],[32.02,-0.04],[32.03,-0.04],[32.04,-0.04],[32.05,-0.04],[32.06,-0.04],[32.07,-0.04],[32.08,-0.04],[32.07,-0.04],[32.08,-0.04],[32.08,-0.03],[32.09,-0.03],[32.1,-0.03],[32.1,-0.04],[32.11,-0.04],[32.12,-0.05],[32.12,-0.06],[32.13,-0.06],[32.14,-0.06],[32.15,-0.06],[32.15,-0.07],[32.16,-0.07],[32.16,-0.08],[32.17,-0.07],[32.18,-0.07],[32.19,-0.07],[32.19,-0.08],[32.2,-0.08],[32.2,-0.07],[32.2,-0.08],[32.2,-0.07],[32.2,-0.06],[32.21,-0.06],[32.21,-0.05],[32.22,-0.05],[32.22,-0.04],[32.22,-0.03],[32.22,-0.02],[32.21,-0.02],[32.21,-0.01],[32.21,-0.0],[32.22,-0.0],[32.21,0.0],[32.21,0.01],[32.21,0.02],[32.21,0.03],[32.22,0.04],[32.22,0.03],[32.22,0.02],[32.21,0.01],[32.22,0.01],[32.22,0.0],[32.23,0.0],[32.24,-0.0],[32.25,-0.0],[32.25,-0.01],[32.26,-0.01],[32.26,-0.02],[32.26,-0.03],[32.26,-0.04],[32.27,-0.04],[32.27,-0.03],[32.27,-0.04],[32.28,-0.03],[32.29,-0.03],[32.29,-0.02],[32.3,-0.02],[32.29,-0.02],[32.3,-0.02],[32.3,-0.01],[32.3,-0.0],[32.31,-0.0],[32.31,0.01],[32.3,0.01],[32.29,0.02],[32.28,0.03],[32.27,0.03],[32.26,0.02],[32.26,0.03],[32.25,0.03],[32.25,0.02],[32.24,0.02],[32.24,0.03],[32.25,0.03],[32.25,0.04],[32.26,0.03],[32.27,0.04],[32.26,0.04],[32.26,0.05],[32.26,0.04],[32.25,0.05],[32.24,0.05],[32.25,0.05],[32.24,0.05],[32.23,0.05],[32.23,0.06],[32.24,0.06],[32.24,0.05],[32.24,0.06],[32.25,0.06],[32.25,0.05],[32.26,0.05],[32.27,0.05],[32.28,0.04],[32.29,0.04],[32.3,0.03],[32.31,0.03],[32.32,0.03],[32.33,0.02],[32.33,0.01],[32.33,0.02],[32.34,0.02],[32.35,0.02],[32.36,0.02],[32.37,0.02],[32.37,0.01],[32.38,0.0],[32.38,-0.01],[32.38,-0.0],[32.38,0.01],[32.38,0.02],[32.38,0.03],[32.38,0.04],[32.38,0.05],[32.38,0.06],[32.37,0.07],[32.37,0.06],[32.36,0.06],[32.36,0.05],[32.36,0.06],[32.36,0.07],[32.35,0.07],[32.36,0.07],[32.37,0.08],[32.37,0.09],[32.38,0.09],[32.39,0.09],[32.4,0.09],[32.4,0.08],[32.39,0.07],[32.4,0.07],[32.41,0.08],[32.41,0.07],[32.41,0.08],[32.42,0.08],[32.42,0.09],[32.43,0.09],[32.43,0.08],[32.44,0.08],[32.44,0.09],[32.44,0.1],[32.44,0.11],[32.45,0.12],[32.46,0.12],[32.46,0.11],[32.46,0.1],[32.46,0.09],[32.45,0.09],[32.45,0.08],[32.45,0.07],[32.44,0.07],[32.44,0.06],[32.43,0.06],[32.43,0.05],[32.42,0.05],[32.41,0.05],[32.41,0.04],[32.42,0.04],[32.42,0.03],[32.43,0.03],[32.44,0.03],[32.44,0.02],[32.45,0.02],[32.45,0.03],[32.45,0.02],[32.45,0.03],[32.45,0.02],[32.45,0.03],[32.46,0.04],[32.47,0.04],[32.46,0.04],[32.47,0.04],[32.47,0.05],[32.48,0.05],[32.48,0.06],[32.48,0.05],[32.48,0.06],[32.48,0.07],[32.49,0.07],[32.49,0.08],[32.48,0.08],[32.48,0.09],[32.49,0.09],[32.49,0.08],[32.5,0.08],[32.5,0.07],[32.5,0.06],[32.5,0.05],[32.51,0.05],[32.52,0.05],[32.53,0.05],[32.53,0.06],[32.53,0.05],[32.53,0.06],[32.53,0.05],[32.53,0.06],[32.53,0.07],[32.53,0.08],[32.52,0.08],[32.52,0.09],[32.53,0.09],[32.53,0.08],[32.53,0.07],[32.54,0.07],[32.55,0.08],[32.55,0.07],[32.56,0.06],[32.56,0.05],[32.55,0.05],[32.55,0.04],[32.56,0.04],[32.57,0.04],[32.58,0.04],[32.58,0.05],[32.57,0.05],[32.57,0.06],[32.56,0.06],[32.56,0.07],[32.56,0.08],[32.56,0.09],[32.55,0.1],[32.55,0.11],[32.55,0.12],[32.55,0.11],[32.56,0.11],[32.56,0.1],[32.57,0.1],[32.58,0.1],[32.58,0.09],[32.59,0.09],[32.59,0.1],[32.58,0.11],[32.57,0.11],[32.57,0.12],[32.57,0.13],[32.58,0.13],[32.58,0.14],[32.59,0.13],[32.59,0.14],[32.6,0.14],[32.59,0.14],[32.59,0.15],[32.58,0.15],[32.57,0.15],[32.56,0.14],[32.56,0.15],[32.55,0.15],[32.56,0.15],[32.56,0.16],[32.57,0.16],[32.58,0.16],[32.58,0.17],[32.58,0.18],[32.57,0.18],[32.57,0.19],[32.57,0.2],[32.58,0.2],[32.59,0.2],[32.59,0.19],[32.6,0.19],[32.6,0.2],[32.6,0.19],[32.6,0.2],[32.61,0.2],[32.62,0.2],[32.62,0.21],[32.62,0.2],[32.62,0.21],[32.62,0.22],[32.62,0.23],[32.62,0.24],[32.63,0.24],[32.63,0.25],[32.64,0.25],[32.63,0.25],[32.64,0.25],[32.64,0.24],[32.64,0.25],[32.64,0.26],[32.64,0.27],[32.64,0.28],[32.64,0.29],[32.65,0.29],[32.66,0.29],[32.66,0.3],[32.66,0.29],[32.67,0.29],[32.67,0.28],[32.67,0.27],[32.68,0.27],[32.67,0.27],[32.67,0.26],[32.67,0.25],[32.66,0.25],[32.67,0.25],[32.66,0.25],[32.66,0.24],[32.66,0.25],[32.66,0.24],[32.65,0.24],[32.65,0.23],[32.64,0.23],[32.65,0.23],[32.64,0.23],[32.64,0.22],[32.65,0.22],[32.65,0.21],[32.65,0.22],[32.65,0.21],[32.66,0.21],[32.66,0.22],[32.67,0.22],[32.67,0.21],[32.67,0.22],[32.67,0.23],[32.68,0.23],[32.69,0.23],[32.69,0.22],[32.68,0.21],[32.68,0.2],[32.67,0.2],[32.67,0.19],[32.66,0.19],[32.66,0.18],[32.66,0.19],[32.66,0.18],[32.66,0.17],[32.65,0.17],[32.66,0.17],[32.66,0.16],[32.67,0.16],[32.67,0.17],[32.68,0.17],[32.68,0.16],[32.69,0.16],[32.69,0.17],[32.7,0.17],[32.69,0.17],[32.7,0.17],[32.69,0.18],[32.7,0.18],[32.71,0.18],[32.71,0.19],[32.71,0.2],[32.72,0.2],[32.73,0.2],[32.73,0.19],[32.73,0.18],[32.74,0.18],[32.75,0.18],[32.75,0.17],[32.74,0.17],[32.73,0.16],[32.73,0.15],[32.73,0.14],[32.73,0.15],[32.72,0.15],[32.72,0.14],[32.73,0.14],[32.72,0.14],[32.71,0.13],[32.7,0.13],[32.69,0.14],[32.68,0.14],[32.68,0.13],[32.69,0.13],[32.68,0.13],[32.68,0.12],[32.67,0.12],[32.66,0.13],[32.66,0.12],[32.65,0.12],[32.65,0.11],[32.65,0.12],[32.66,0.12],[32.67,0.12],[32.67,0.11],[32.67,0.1],[32.66,0.09],[32.66,0.08],[32.67,0.08],[32.67,0.09],[32.68,0.1],[32.68,0.09],[32.68,0.08],[32.68,0.09],[32.69,0.1],[32.69,0.09],[32.7,0.09],[32.7,0.1],[32.71,0.1],[32.71,0.09],[32.71,0.1],[32.71,0.11],[32.72,0.11],[32.72,0.1],[32.73,0.11],[32.73,0.12],[32.74,0.11],[32.73,0.11],[32.74,0.11],[32.75,0.11],[32.75,0.12],[32.75,0.13],[32.76,0.13],[32.76,0.12],[32.76,0.11],[32.76,0.12],[32.77,0.12],[32.78,0.11],[32.78,0.12],[32.79,0.12],[32.79,0.13],[32.79,0.14],[32.8,0.14],[32.8,0.15],[32.81,0.15],[32.81,0.14],[32.82,0.14],[32.83,0.14],[32.83,0.15],[32.84,0.15],[32.85,0.14],[32.85,0.13],[32.86,0.13],[32.86,0.14],[32.86,0.15],[32.86,0.14],[32.85,0.14],[32.85,0.15],[32.85,0.16],[32.85,0.17],[32.84,0.18],[32.85,0.18],[32.86,0.17],[32.87,0.17],[32.87,0.16],[32.87,0.17],[32.87,0.18],[32.87,0.19],[32.87,0.2],[32.88,0.2],[32.88,0.19],[32.89,0.19],[32.89,0.18],[32.88,0.18],[32.88,0.17],[32.89,0.17],[32.89,0.18],[32.9,0.18],[32.9,0.17],[32.89,0.16],[32.89,0.15],[32.88,0.15],[32.88,0.14],[32.89,0.14],[32.9,0.14],[32.9,0.13],[32.89,0.13],[32.9,0.13],[32.89,0.12],[32.89,0.13],[32.88,0.13],[32.88,0.12],[32.87,0.12],[32.88,0.12],[32.88,0.11],[32.88,0.12],[32.89,0.11],[32.9,0.11],[32.89,0.1],[32.89,0.09],[32.9,0.09],[32.89,0.08],[32.9,0.07],[32.91,0.07],[32.92,0.07],[32.92,0.08],[32.93,0.08],[32.93,0.07],[32.94,0.07],[32.95,0.08],[32.95,0.09],[32.96,0.09],[32.96,0.08],[32.96,0.09],[32.97,0.09],[32.97,0.08],[32.98,0.09],[32.99,0.09],[32.99,0.1],[33.0,0.1],[33.0,0.11],[33.01,0.11],[33.0,0.11],[33.0,0.12],[33.0,0.13],[33.01,0.13],[33.01,0.12],[33.01,0.11],[33.02,0.11],[33.03,0.12],[33.03,0.13],[33.04,0.13],[33.03,0.13],[33.03,0.14],[33.04,0.14],[33.04,0.13],[33.05,0.13],[33.05,0.14],[33.06,0.14],[33.05,0.14],[33.05,0.15],[33.06,0.16],[33.07,0.16],[33.07,0.17],[33.08,0.17],[33.08,0.18],[33.09,0.18],[33.09,0.19],[33.08,0.19],[33.09,0.19],[33.09,0.2],[33.1,0.2],[33.1,0.21],[33.09,0.21],[33.08,0.21],[33.07,0.21],[33.06,0.21],[33.06,0.22],[33.05,0.22],[33.04,0.22],[33.04,0.23],[33.05,0.23],[33.06,0.24],[33.07,0.24],[33.06,0.25],[33.07,0.26],[33.07,0.25],[33.07,0.26],[33.08,0.26],[33.09,0.26],[33.08,0.26],[33.08,0.25],[33.09,0.25],[33.1,0.25],[33.1,0.24],[33.1,0.25],[33.11,0.25],[33.12,0.25],[33.12,0.24],[33.11,0.24],[33.12,0.24],[33.12,0.23],[33.11,0.23],[33.11,0.22],[33.11,0.21],[33.11,0.22],[33.11,0.21],[33.12,0.21],[33.12,0.22],[33.13,0.21],[33.13,0.22],[33.14,0.22],[33.14,0.23],[33.14,0.24],[33.13,0.24],[33.13,0.25],[33.14,0.25],[33.14,0.24],[33.15,0.24],[33.15,0.25],[33.15,0.26],[33.16,0.26],[33.15,0.27],[33.16,0.27],[33.15,0.27],[33.15,0.28],[33.15,0.29],[33.14,0.29],[33.14,0.3],[33.15,0.31],[33.16,0.31],[33.16,0.32],[33.17,0.32],[33.18,0.32],[33.19,0.32],[33.19,0.33],[33.2,0.33],[33.21,0.33],[33.21,0.34],[33.22,0.34],[33.22,0.35],[33.23,0.35],[33.24,0.35],[33.24,0.36],[33.25,0.36],[33.26,0.36],[33.26,0.37],[33.27,0.37],[33.27,0.38],[33.26,0.39],[33.25,0.39],[33.24,0.39],[33.24,0.4],[33.23,0.39],[33.23,0.4],[33.22,0.4],[33.21,0.4],[33.2,0.4],[33.19,0.4],[33.19,0.41],[33.19,0.42],[33.2,0.42],[33.19,0.42],[33.19,0.43],[33.19,0.44],[33.18,0.44],[33.18,0.45],[33.18,0.46],[33.17,0.46],[33.17,0.47],[33.16,0.47],[33.16,0.48],[33.15,0.48],[33.15,0.49],[33.14,0.49],[33.14,0.5],[33.14,0.51],[33.13,0.51],[33.12,0.52],[33.11,0.52],[33.11,0.53],[33.1,0.53],[33.1,0.54],[33.09,0.54],[33.09,0.55],[33.08,0.55],[33.08,0.56],[33.07,0.56],[33.08,0.56],[33.08,0.57],[33.07,0.57],[33.07,0.58],[33.07,0.59],[33.06,0.59],[33.06,0.6],[33.05,0.6],[33.05,0.61],[33.05,0.62],[33.05,0.63],[33.05,0.64],[33.04,0.64],[33.04,0.65],[33.04,0.66],[33.05,0.66],[33.05,0.67],[33.05,0.68],[33.06,0.68],[33.06,0.69],[33.06,0.7],[33.05,0.71],[33.05,0.72],[33.05,0.73],[33.04,0.73],[33.04,0.74],[33.05,0.74],[33.05,0.75],[33.05,0.76],[33.05,0.77],[33.04,0.77],[33.04,0.78],[33.04,0.79],[33.04,0.8],[33.03,0.8],[33.03,0.81],[33.03,0.82],[33.03,0.83],[33.02,0.83],[33.02,0.84],[33.01,0.84],[33.01,0.85],[33.01,0.86],[33.0,0.87],[33.0,0.88],[32.99,0.88],[32.99,0.89],[32.98,0.9],[32.98,0.91],[32.97,0.91],[32.97,0.92],[32.96,0.92],[32.96,0.93],[32.96,0.94],[32.95,0.94],[32.95,0.95],[32.95,0.96],[32.95,0.97],[32.94,0.97],[32.94,0.98],[32.94,0.99],[32.94,1.0],[32.93,1.0],[32.93,1.01],[32.93,1.02],[32.93,1.03],[32.93,1.04],[32.93,1.05],[32.94,1.05],[32.93,1.05],[32.94,1.06],[32.93,1.06],[32.94,1.06],[32.94,1.07],[32.93,1.07],[32.93,1.08],[32.93,1.09],[32.94,1.09],[32.94,1.1],[32.94,1.11],[32.95,1.12],[32.95,1.13],[32.95,1.14],[32.95,1.15],[32.95,1.16],[32.95,1.17],[32.94,1.17],[32.94,1.18],[32.94,1.19],[32.94,1.2],[32.94,1.21],[32.93,1.21],[32.93,1.22],[32.93,1.23],[32.92,1.23],[32.92,1.24],[32.92,1.25],[32.92,1.26],[32.91,1.26],[32.91,1.27],[32.9,1.27],[32.9,1.28],[32.89,1.28],[32.88,1.28],[32.88,1.29],[32.88,1.3],[32.87,1.3],[32.86,1.3],[32.86,1.31],[32.85,1.31],[32.85,1.32],[32.84,1.32],[32.84,1.33],[32.85,1.33],[32.85,1.34],[32.84,1.34],[32.84,1.35],[32.84,1.36],[32.84,1.37],[32.83,1.37],[32.83,1.38],[32.84,1.38],[32.84,1.39],[32.82,1.48],[32.81,1.48],[32.8,1.47],[32.79,1.47],[32.78,1.47],[32.75,1.46],[32.74,1.46],[32.73,1.46],[32.72,1.46],[32.71,1.46],[32.7,1.45],[32.69,1.45],[32.68,1.45],[32.66,1.44],[32.65,1.44],[32.64,1.44],[32.62,1.44],[32.59,1.47],[32.58,1.49],[32.57,1.5],[32.57,1.51],[32.56,1.52],[32.55,1.52],[32.54,1.52],[32.53,1.52],[32.52,1.52],[32.52,1.53],[32.51,1.52],[32.51,1.53],[32.5,1.53],[32.5,1.54],[32.48,1.55],[32.47,1.55],[32.46,1.56],[32.45,1.57],[32.44,1.58],[32.43,1.58],[32.42,1.58],[32.41,1.59],[32.4,1.6],[32.38,1.6],[32.36,1.6],[32.36,1.61],[32.35,1.61],[32.35,1.62],[32.34,1.62],[32.33,1.62],[32.32,1.62],[32.32,1.63],[32.32,1.64],[32.31,1.65],[32.3,1.66],[32.28,1.66],[32.28,1.67],[32.27,1.67],[32.26,1.67],[32.25,1.67],[32.23,1.67],[32.22,1.68],[32.21,1.68],[32.2,1.68],[32.19,1.68],[32.16,1.67],[32.15,1.67],[32.14,1.67],[32.13,1.67],[32.12,1.67],[32.12,1.66],[32.11,1.66],[32.11,1.65],[32.1,1.65],[32.09,1.65]]]]}},{"type":"Feature","properties":{"key":"southern_western","name":"South Western (Western region)","country":"Uganda"},"geometry":{"type":"Polygon","coordinates":[[[31.36,2.25],[31.36,2.24],[31.37,2.23],[31.36,2.23],[31.36,2.22],[31.37,2.21],[31.37,2.2],[31.36,2.2],[31.36,2.19],[31.37,2.18],[31.38,2.18],[31.38,2.17],[31.39,2.16],[31.39,2.15],[31.39,2.14],[31.39,2.13],[31.39,2.12],[31.39,2.11],[31.38,2.11],[31.39,2.1],[31.39,2.09],[31.4,2.08],[31.4,2.07],[31.4,2.06],[31.41,2.06],[31.41,2.05],[31.41,2.04],[31.41,2.03],[31.41,2.02],[31.41,2.01],[31.41,2.0],[31.4,1.99],[31.41,1.99],[31.4,1.99],[31.41,1.99],[31.41,1.98],[31.41,1.97],[31.41,1.96],[31.41,1.95],[31.42,1.95],[31.42,1.94],[31.41,1.93],[31.42,1.92],[31.41,1.91],[31.4,1.9],[31.4,1.91],[31.4,1.9],[31.4,1.89],[31.4,1.88],[31.39,1.88],[31.39,1.87],[31.39,1.86],[31.38,1.86],[31.38,1.85],[31.38,1.84],[31.37,1.83],[31.37,1.82],[31.36,1.82],[31.35,1.82],[31.36,1.82],[31.35,1.82],[31.34,1.81],[31.34,1.82],[31.33,1.82],[31.32,1.82],[31.32,1.83],[31.32,1.82],[31.32,1.81],[31.32,1.8],[31.32,1.79],[31.32,1.78],[31.32,1.77],[31.32,1.76],[31.32,1.75],[31.31,1.74],[31.31,1.73],[31.3,1.73],[31.3,1.72],[31.3,1.71],[31.29,1.71],[31.29,1.7],[31.28,1.7],[31.28,1.69],[31.27,1.69],[31.27,1.68],[31.26,1.68],[31.25,1.68],[31.25,1.67],[31.24,1.67],[31.24,1.66],[31.23,1.66],[31.23,1.65],[31.22,1.65],[31.22,1.64],[31.21,1.64],[31.2,1.63],[31.19,1.62],[31.18,1.62],[31.18,1.61],[31.17,1.61],[31.17,1.6],[31.16,1.6],[31.15,1.6],[31.15,1.59],[31.14,1.59],[31.14,1.58],[31.13,1.58],[31.12,1.58],[31.11,1.58],[31.1,1.58],[31.1,1.59],[31.09,1.59],[31.08,1.59],[31.07,1.59],[31.07,1.58],[31.07,1.59],[31.08,1.59],[31.08,1.58],[31.07,1.58],[31.06,1.58],[31.05,1.58],[31.05,1.57],[31.04,1.57],[31.04,1.56],[31.03,1.56],[31.02,1.56],[31.02,1.55],[31.02,1.54],[31.01,1.54],[31.01,1.53],[31.0,1.53],[30.99,1.53],[30.98,1.53],[30.97,1.53],[30.96,1.54],[30.95,1.54],[30.95,1.53],[30.94,1.52],[30.94,1.51],[30.93,1.51],[30.93,1.5],[30.93,1.49],[30.93,1.48],[30.93,1.47],[30.93,1.46],[30.92,1.46],[30.92,1.45],[30.91,1.45],[30.91,1.44],[30.9,1.44],[30.9,1.43],[30.89,1.43],[30.89,1.42],[30.88,1.42],[30.87,1.42],[30.87,1.41],[30.86,1.4],[30.86,1.39],[30.85,1.39],[30.85,1.38],[30.84,1.38],[30.84,1.37],[30.84,1.36],[30.84,1.35],[30.83,1.35],[30.83,1.34],[30.82,1.34],[30.82,1.33],[30.81,1.33],[30.81,1.32],[30.8,1.32],[30.8,1.31],[30.79,1.31],[30.79,1.3],[30.78,1.3],[30.78,1.29],[30.77,1.29],[30.76,1.28],[30.76,1.27],[30.75,1.26],[30.75,1.25],[30.74,1.25],[30.73,1.25],[30.73,1.24],[30.73,1.23],[30.72,1.22],[30.72,1.21],[30.72,1.2],[30.72,1.21],[30.73,1.21],[30.73,1.2],[30.73,1.19],[30.72,1.19],[30.72,1.18],[30.71,1.18],[30.71,1.17],[30.7,1.17],[30.7,1.16],[30.7,1.15],[30.69,1.15],[30.69,1.14],[30.68,1.14],[30.68,1.13],[30.67,1.13],[30.67,1.12],[30.66,1.12],[30.66,1.11],[30.65,1.11],[30.65,1.1],[30.64,1.1],[30.64,1.09],[30.63,1.09],[30.63,1.08],[30.63,1.07],[30.63,1.06],[30.62,1.06],[30.61,1.06],[30.61,1.05],[30.61,1.06],[30.62,1.06],[30.62,1.05],[30.62,1.04],[30.61,1.05],[30.61,1.04],[30.6,1.04],[30.59,1.03],[30.6,1.03],[30.61,1.03],[30.6,1.03],[30.6,1.02],[30.59,1.02],[30.58,1.02],[30.57,1.02],[30.57,1.03],[30.58,1.03],[30.57,1.04],[30.56,1.04],[30.55,1.04],[30.55,1.03],[30.54,1.03],[30.54,1.02],[30.54,1.01],[30.54,1.0],[30.53,1.0],[30.54,1.0],[30.53,1.0],[30.54,1.01],[30.53,1.01],[30.54,1.01],[30.53,1.01],[30.54,1.01],[30.53,1.01],[30.53,1.02],[30.54,1.02],[30.54,1.03],[30.54,1.04],[30.54,1.05],[30.55,1.05],[30.54,1.05],[30.55,1.05],[30.55,1.06],[30.54,1.06],[30.54,1.05],[30.53,1.05],[30.53,1.04],[30.52,1.04],[30.52,1.03],[30.51,1.03],[30.5,1.03],[30.5,1.04],[30.49,1.04],[30.49,1.05],[30.49,1.06],[30.5,1.05],[30.49,1.05],[30.5,1.05],[30.51,1.05],[30.51,1.06],[30.5,1.06],[30.5,1.07],[30.5,1.08],[30.51,1.08],[30.51,1.09],[30.51,1.1],[30.51,1.11],[30.5,1.11],[30.51,1.11],[30.51,1.1],[30.5,1.1],[30.5,1.11],[30.49,1.11],[30.49,1.12],[30.5,1.12],[30.5,1.13],[30.49,1.13],[30.48,1.13],[30.49,1.13],[30.48,1.13],[30.48,1.14],[30.49,1.14],[30.49,1.15],[30.49,1.14],[30.48,1.14],[30.48,1.15],[30.49,1.15],[30.48,1.15],[30.49,1.15],[30.48,1.15],[30.48,1.16],[30.49,1.16],[30.48,1.16],[30.48,1.17],[30.47,1.17],[30.46,1.17],[30.46,1.18],[30.46,1.19],[30.46,1.18],[30.46,1.19],[30.46,1.18],[30.45,1.19],[30.46,1.19],[30.45,1.19],[30.46,1.19],[30.45,1.19],[30.46,1.19],[30.46,1.2],[30.47,1.2],[30.47,1.21],[30.47,1.2],[30.47,1.21],[30.48,1.21],[30.49,1.21],[30.49,1.2],[30.5,1.2],[30.5,1.21],[30.49,1.21],[30.48,1.21],[30.47,1.21],[30.46,1.21],[30.46,1.2],[30.45,1.2],[30.44,1.2],[30.43,1.2],[30.43,1.19],[30.42,1.19],[30.42,1.2],[30.41,1.2],[30.41,1.19],[30.4,1.19],[30.39,1.19],[30.38,1.19],[30.37,1.2],[30.36,1.2],[30.36,1.19],[30.35,1.19],[30.35,1.18],[30.34,1.18],[30.34,1.17],[30.34,1.16],[30.34,1.15],[30.33,1.15],[30.33,1.16],[30.32,1.16],[30.32,1.15],[30.31,1.15],[30.31,1.16],[30.31,1.17],[30.3,1.16],[30.3,1.17],[30.29,1.17],[30.28,1.16],[30.28,1.17],[30.27,1.16],[30.27,1.15],[30.26,1.15],[30.26,1.14],[30.26,1.15],[30.26,1.14],[30.25,1.14],[30.24,1.14],[30.24,1.13],[30.23,1.13],[30.24,1.12],[30.24,1.11],[30.24,1.1],[30.24,1.09],[30.23,1.09],[30.23,1.08],[30.23,1.07],[30.23,1.06],[30.22,1.06],[30.23,1.06],[30.23,1.05],[30.22,1.06],[30.22,1.05],[30.23,1.05],[30.22,1.05],[30.22,1.04],[30.23,1.05],[30.23,1.04],[30.23,1.03],[30.23,1.02],[30.22,1.02],[30.23,1.02],[30.22,1.02],[30.22,1.01],[30.23,1.01],[30.22,1.01],[30.22,1.0],[30.23,1.0],[30.22,1.0],[30.22,0.99],[30.23,0.99],[30.23,0.98],[30.23,0.99],[30.22,0.99],[30.22,0.98],[30.22,0.99],[30.21,0.99],[30.22,0.99],[30.22,0.98],[30.21,0.98],[30.22,0.98],[30.22,0.97],[30.21,0.98],[30.21,0.97],[30.2,0.98],[30.2,0.97],[30.2,0.96],[30.2,0.97],[30.19,0.97],[30.2,0.97],[30.2,0.96],[30.19,0.96],[30.18,0.96],[30.19,0.96],[30.2,0.96],[30.19,0.95],[30.19,0.96],[30.18,0.96],[30.19,0.96],[30.19,0.95],[30.18,0.95],[30.19,0.95],[30.19,0.94],[30.18,0.94],[30.18,0.95],[30.18,0.94],[30.17,0.94],[30.17,0.93],[30.17,0.92],[30.18,0.91],[30.17,0.91],[30.17,0.9],[30.17,0.91],[30.16,0.91],[30.17,0.91],[30.16,0.9],[30.17,0.9],[30.16,0.9],[30.15,0.9],[30.16,0.9],[30.16,0.89],[30.15,0.89],[30.16,0.89],[30.15,0.89],[30.15,0.88],[30.15,0.89],[30.15,0.88],[30.14,0.88],[30.14,0.89],[30.14,0.88],[30.13,0.88],[30.13,0.89],[30.14,0.89],[30.13,0.89],[30.12,0.89],[30.11,0.89],[30.11,0.9],[30.11,0.89],[30.1,0.89],[30.11,0.89],[30.1,0.89],[30.1,0.88],[30.09,0.88],[30.08,0.88],[30.07,0.88],[30.07,0.87],[30.06,0.87],[30.05,0.87],[30.04,0.87],[30.04,0.86],[30.04,0.87],[30.04,0.86],[30.03,0.86],[30.02,0.85],[30.02,0.86],[30.01,0.86],[30.01,0.85],[30.02,0.85],[30.01,0.85],[30.01,0.86],[30.01,0.85],[30.0,0.85],[30.0,0.84],[30.0,0.85],[29.99,0.85],[29.99,0.84],[29.99,0.83],[29.98,0.83],[29.99,0.83],[29.98,0.83],[29.99,0.83],[29.98,0.83],[29.99,0.83],[29.98,0.83],[29.98,0.82],[29.97,0.82],[29.97,0.81],[29.97,0.8],[29.97,0.79],[29.97,0.78],[29.96,0.78],[29.97,0.78],[29.97,0.77],[29.97,0.76],[29.97,0.75],[29.98,0.75],[29.98,0.74],[29.97,0.74],[29.98,0.74],[29.97,0.73],[29.98,0.73],[29.97,0.73],[29.97,0.72],[29.97,0.71],[29.97,0.7],[29.97,0.71],[29.97,0.7],[29.97,0.69],[29.97,0.68],[29.96,0.68],[29.96,0.67],[29.96,0.66],[29.96,0.65],[29.96,0.64],[29.95,0.64],[29.96,0.64],[29.96,0.63],[29.96,0.62],[29.96,0.61],[29.97,0.61],[29.96,0.61],[29.97,0.61],[29.97,0.6],[29.97,0.59],[29.97,0.58],[29.97,0.57],[29.97,0.56],[29.98,0.56],[29.98,0.55],[29.98,0.54],[29.98,0.53],[29.98,0.52],[29.96,0.5],[29.94,0.48],[29.91,0.44],[29.89,0.42],[29.88,0.4],[29.87,0.39],[29.87,0.37],[29.86,0.34],[29.85,0.31],[29.85,0.27],[29.84,0.24],[29.83,0.21],[29.82,0.18],[29.82,0.17],[29.82,0.16],[29.81,0.16],[29.8,0.16],[29.8,0.17],[29.79,0.17],[29.78,0.17],[29.78,0.16],[29.78,0.17],[29.78,0.16],[29.77,0.16],[29.77,0.15],[29.76,0.15],[29.76,0.14],[29.75,0.14],[29.75,0.13],[29.74,0.13],[29.74,0.12],[29.74,0.11],[29.73,0.11],[29.73,0.1],[29.74,0.1],[29.73,0.1],[29.73,0.09],[29.74,0.09],[29.73,0.09],[29.73,0.08],[29.72,0.08],[29.72,0.07],[29.72,0.08],[29.72,0.07],[29.72,0.06],[29.72,0.05],[29.72,0.04],[29.72,0.03],[29.72,0.02],[29.73,0.02],[29.73,0.01],[29.72,0.01],[29.73,0.01],[29.73,0.0],[29.73,-0.01],[29.73,-0.0],[29.73,-0.01],[29.73,-0.02],[29.74,-0.02],[29.74,-0.03],[29.75,-0.03],[29.74,-0.03],[29.74,-0.04],[29.73,-0.04],[29.73,-0.05],[29.73,-0.06],[29.74,-0.06],[29.74,-0.07],[29.73,-0.07],[29.73,-0.08],[29.74,-0.08],[29.75,-0.08],[29.76,-0.08],[29.75,-0.08],[29.76,-0.08],[29.76,-0.09],[29.76,-0.1],[29.77,-0.1],[29.77,-0.11],[29.78,-0.12],[29.78,-0.13],[29.79,-0.13],[29.79,-0.12],[29.8,-0.12],[29.81,-0.12],[29.81,-0.13],[29.82,-0.13],[29.82,-0.14],[29.82,-0.15],[29.81,-0.15],[29.82,-0.15],[29.82,-0.16],[29.83,-0.17],[29.84,-0.17],[29.85,-0.17],[29.86,-0.17],[29.86,-0.16],[29.87,-0.16],[29.87,-0.15],[29.86,-0.15],[29.86,-0.14],[29.87,-0.14],[29.88,-0.14],[29.88,-0.15],[29.89,-0.15],[29.89,-0.14],[29.9,-0.14],[29.9,-0.15],[29.9,-0.14],[29.9,-0.15],[29.91,-0.15],[29.91,-0.14],[29.91,-0.15],[29.91,-0.16],[29.91,-0.17],[29.9,-0.17],[29.9,-0.18],[29.9,-0.19],[29.9,-0.18],[29.89,-0.18],[29.89,-0.19],[29.89,-0.2],[29.89,-0.21],[29.88,-0.21],[29.88,-0.22],[29.88,-0.23],[29.88,-0.24],[29.89,-0.24],[29.89,-0.25],[29.89,-0.26],[29.89,-0.27],[29.88,-0.27],[29.88,-0.29],[29.87,-0.3],[29.86,-0.3],[29.86,-0.31],[29.86,-0.32],[29.87,-0.33],[29.86,-0.33],[29.86,-0.34],[29.86,-0.33],[29.86,-0.32],[29.86,-0.33],[29.85,-0.34],[29.84,-0.35],[29.83,-0.35],[29.83,-0.36],[29.82,-0.37],[29.82,-0.38],[29.81,-0.38],[29.81,-0.39],[29.8,-0.39],[29.79,-0.39],[29.79,-0.4],[29.8,-0.39],[29.81,-0.39],[29.8,-0.39],[29.8,-0.4],[29.79,-0.4],[29.78,-0.4],[29.77,-0.4],[29.77,-0.41],[29.76,-0.41],[29.76,-0.42],[29.75,-0.42],[29.75,-0.43],[29.74,-0.43],[29.74,-0.44],[29.73,-0.44],[29.72,-0.44],[29.71,-0.45],[29.7,-0.45],[29.69,-0.45],[29.69,-0.46],[29.68,-0.46],[29.69,-0.46],[29.68,-0.46],[29.69,-0.46],[29.69,-0.47],[29.68,-0.47],[29.68,-0.48],[29.68,-0.49],[29.68,-0.5],[29.68,-0.51],[29.67,-0.51],[29.67,-0.52],[29.67,-0.53],[29.67,-0.54],[29.66,-0.54],[29.67,-0.54],[29.66,-0.54],[29.67,-0.54],[29.66,-0.54],[29.66,-0.55],[29.65,-0.55],[29.66,-0.55],[29.65,-0.55],[29.66,-0.55],[29.65,-0.55],[29.65,-0.56],[29.66,-0.56],[29.65,-0.56],[29.66,-0.56],[29.65,-0.56],[29.66,-0.56],[29.65,-0.56],[29.66,-0.56],[29.65,-0.56],[29.66,-0.56],[29.66,-0.57],[29.67,-0.57],[29.67,-0.58],[29.66,-0.58],[29.67,-0.58],[29.66,-0.58],[29.67,-0.58],[29.66,-0.58],[29.67,-0.58],[29.66,-0.58],[29.67,-0.58],[29.66,-0.58],[29.66,-0.59],[29.65,-0.59],[29.66,-0.59],[29.65,-0.59],[29.66,-0.59],[29.65,-0.59],[29.66,-0.59],[29.65,-0.59],[29.65,-0.6],[29.65,-0.61],[29.66,-0.61],[29.66,-0.62],[29.66,-0.63],[29.66,-0.64],[29.65,-0.64],[29.65,-0.65],[29.65,-0.66],[29.64,-0.66],[29.64,-0.67],[29.64,-0.68],[29.64,-0.67],[29.64,-0.68],[29.64,-0.69],[29.63,-0.69],[29.64,-0.69],[29.63,-0.69],[29.64,-0.69],[29.64,-0.7],[29.63,-0.7],[29.63,-0.69],[29.63,-0.7],[29.63,-0.71],[29.63,-0.72],[29.62,-0.72],[29.63,-0.72],[29.63,-0.73],[29.63,-0.74],[29.63,-0.75],[29.63,-0.74],[29.63,-0.75],[29.63,-0.76],[29.63,-0.75],[29.63,-0.76],[29.63,-0.77],[29.63,-0.78],[29.63,-0.77],[29.63,-0.78],[29.63,-0.79],[29.63,-0.8],[29.63,-0.81],[29.63,-0.8],[29.63,-0.81],[29.64,-0.81],[29.63,-0.81],[29.64,-0.81],[29.63,-0.81],[29.64,-0.81],[29.64,-0.82],[29.64,-0.83],[29.64,-0.84],[29.63,-0.84],[29.63,-0.85],[29.63,-0.86],[29.63,-0.87],[29.63,-0.88],[29.63,-0.89],[29.63,-0.9],[29.64,-0.9],[29.59,-0.9],[29.58,-0.9],[29.58,-0.91],[29.58,-0.92],[29.59,-0.92],[29.59,-0.93],[29.59,-0.94],[29.59,-0.95],[29.59,-0.96],[29.59,-0.97],[29.6,-0.97],[29.59,-0.97],[29.59,-0.98],[29.6,-0.98],[29.6,-0.99],[29.59,-0.99],[29.59,-0.98],[29.59,-0.99],[29.59,-1.0],[29.59,-1.01],[29.58,-1.01],[29.58,-1.02],[29.59,-1.05],[29.58,-1.11],[29.58,-1.12],[29.58,-1.13],[29.58,-1.14],[29.58,-1.15],[29.59,-1.15],[29.59,-1.16],[29.58,-1.16],[29.58,-1.17],[29.58,-1.18],[29.58,-1.19],[29.58,-1.18],[29.57,-1.18],[29.57,-1.19],[29.58,-1.19],[29.58,-1.2],[29.59,-1.2],[29.59,-1.21],[29.6,-1.21],[29.6,-1.22],[29.61,-1.22],[29.6,-1.22],[29.6,-1.23],[29.61,-1.23],[29.61,-1.24],[29.61,-1.25],[29.6,-1.25],[29.59,-1.27],[29.6,-1.3],[29.6,-1.31],[29.61,-1.31],[29.61,-1.32],[29.6,-1.33],[29.6,-1.35],[29.6,-1.36],[29.59,-1.37],[29.59,-1.39],[29.6,-1.39],[29.61,-1.39],[29.62,-1.39],[29.63,-1.39],[29.64,-1.39],[29.64,-1.38],[29.65,-1.38],[29.65,-1.39],[29.66,-1.39],[29.66,-1.38],[29.67,-1.38],[29.68,-1.38],[29.69,-1.37],[29.69,-1.36],[29.7,-1.36],[29.7,-1.35],[29.71,-1.35],[29.72,-1.34],[29.73,-1.34],[29.74,-1.34],[29.75,-1.34],[29.76,-1.34],[29.76,-1.35],[29.77,-1.35],[29.77,-1.36],[29.78,-1.37],[29.79,-1.37],[29.8,-1.37],[29.8,-1.36],[29.8,-1.35],[29.8,-1.34],[29.81,-1.34],[29.81,-1.33],[29.82,-1.33],[29.82,-1.32],[29.82,-1.31],[29.83,-1.31],[29.83,-1.32],[29.83,-1.31],[29.83,-1.32],[29.84,-1.32],[29.84,-1.33],[29.84,-1.34],[29.85,-1.34],[29.85,-1.35],[29.86,-1.35],[29.86,-1.36],[29.87,-1.36],[29.88,-1.36],[29.88,-1.37],[29.88,-1.38],[29.88,-1.39],[29.88,-1.4],[29.88,-1.41],[29.89,-1.41],[29.89,-1.42],[29.89,-1.43],[29.89,-1.44],[29.89,-1.45],[29.9,-1.46],[29.9,-1.47],[29.91,-1.47],[29.92,-1.48],[29.93,-1.48],[29.93,-1.47],[29.94,-1.47],[29.95,-1.47],[29.96,-1.46],[29.97,-1.46],[29.98,-1.46],[29.98,-1.45],[29.99,-1.45],[30.0,-1.45],[30.0,-1.44],[30.0,-1.43],[30.01,-1.43],[30.01,-1.42],[30.02,-1.42],[30.02,-1.41],[30.02,-1.42],[30.03,-1.42],[30.04,-1.42],[30.04,-1.43],[30.05,-1.43],[30.05,-1.42],[30.06,-1.42],[30.05,-1.42],[30.05,-1.41],[30.05,-1.4],[30.06,-1.4],[30.06,-1.39],[30.07,-1.39],[30.07,-1.38],[30.08,-1.38],[30.08,-1.37],[30.09,-1.37],[30.09,-1.38],[30.1,-1.38],[30.1,-1.37],[30.11,-1.37],[30.11,-1.38],[30.12,-1.38],[30.12,-1.39],[30.12,-1.38],[30.12,-1.37],[30.13,-1.37],[30.13,-1.36],[30.14,-1.36],[30.14,-1.35],[30.15,-1.35],[30.16,-1.35],[30.17,-1.35],[30.17,-1.34],[30.16,-1.33],[30.17,-1.33],[30.16,-1.32],[30.17,-1.31],[30.17,-1.3],[30.17,-1.29],[30.17,-1.28],[30.17,-1.27],[30.18,-1.27],[30.19,-1.27],[30.19,-1.28],[30.2,-1.28],[30.2,-1.27],[30.21,-1.28],[30.21,-1.27],[30.22,-1.27],[30.22,-1.26],[30.23,-1.26],[30.23,-1.25],[30.24,-1.25],[30.24,-1.24],[30.25,-1.24],[30.25,-1.23],[30.25,-1.22],[30.26,-1.22],[30.26,-1.21],[30.27,-1.21],[30.28,-1.21],[30.28,-1.2],[30.29,-1.2],[30.29,-1.19],[30.29,-1.18],[30.3,-1.17],[30.3,-1.16],[30.3,-1.15],[30.31,-1.15],[30.31,-1.14],[30.32,-1.14],[30.33,-1.14],[30.32,-1.14],[30.33,-1.14],[30.33,-1.13],[30.34,-1.13],[30.34,-1.12],[30.34,-1.11],[30.34,-1.1],[30.34,-1.09],[30.35,-1.09],[30.35,-1.08],[30.35,-1.07],[30.35,-1.06],[30.36,-1.06],[30.36,-1.07],[30.36,-1.06],[30.36,-1.07],[30.37,-1.07],[30.38,-1.07],[30.37,-1.07],[30.37,-1.06],[30.38,-1.06],[30.38,-1.07],[30.39,-1.07],[30.4,-1.07],[30.4,-1.06],[30.41,-1.06],[30.42,-1.06],[30.43,-1.06],[30.42,-1.06],[30.43,-1.06],[30.44,-1.06],[30.43,-1.06],[30.43,-1.05],[30.44,-1.05],[30.44,-1.06],[30.44,-1.05],[30.45,-1.05],[30.44,-1.05],[30.45,-1.05],[30.46,-1.05],[30.47,-1.05],[30.47,-1.06],[30.47,-1.05],[30.47,-1.06],[30.48,-1.06],[30.49,-1.06],[30.5,-1.06],[30.5,-1.07],[30.51,-1.07],[30.52,-1.07],[30.53,-1.08],[30.53,-1.07],[30.54,-1.07],[30.54,-1.08],[30.54,-1.07],[30.55,-1.07],[30.56,-1.07],[30.56,-1.06],[30.56,-1.07],[30.57,-1.07],[30.57,-1.06],[30.58,-1.06],[30.59,-1.06],[30.6,-1.07],[30.6,-1.06],[30.61,-1.06],[30.61,-1.07],[30.62,-1.07],[30.63,-1.07],[30.64,-1.07],[30.65,-1.07],[30.65,-1.06],[30.66,-1.06],[30.67,-1.06],[30.67,-1.05],[30.67,-1.04],[30.68,-1.03],[30.69,-1.03],[30.69,-1.02],[30.7,-1.02],[30.7,-1.01],[30.71,-1.01],[30.72,-1.01],[30.73,-1.01],[30.74,-1.01],[30.74,-1.0],[30.75,-1.0],[30.75,-0.99],[30.76,-0.99],[30.77,-0.99],[30.78,-0.99],[30.79,-0.99],[30.79,-1.0],[30.8,-1.0],[30.87,-1.0],[31.04,-1.0],[31.05,-1.0],[31.27,-1.0],[31.26,-0.98],[31.27,-0.95],[31.25,-0.93],[31.21,-0.9],[31.2,-0.89],[31.2,-0.88],[31.21,-0.88],[31.21,-0.87],[31.2,-0.87],[31.23,-0.85],[31.23,-0.84],[31.22,-0.84],[31.22,-0.83],[31.21,-0.83],[31.2,-0.83],[31.2,-0.82],[31.19,-0.82],[31.19,-0.8],[31.19,-0.79],[31.2,-0.79],[31.2,-0.78],[31.2,-0.77],[31.2,-0.76],[31.2,-0.75],[31.19,-0.75],[31.19,-0.74],[31.18,-0.73],[31.17,-0.73],[31.17,-0.72],[31.16,-0.72],[31.16,-0.71],[31.15,-0.71],[31.15,-0.7],[31.14,-0.69],[31.13,-0.69],[31.13,-0.68],[31.12,-0.68],[31.11,-0.68],[31.1,-0.67],[31.09,-0.67],[31.09,-0.66],[31.09,-0.65],[31.09,-0.64],[31.09,-0.63],[31.1,-0.63],[31.1,-0.62],[31.1,-0.61],[31.11,-0.6],[31.12,-0.59],[31.12,-0.58],[31.13,-0.58],[31.12,-0.58],[31.12,-0.57],[31.13,-0.57],[31.13,-0.56],[31.14,-0.55],[31.14,-0.54],[31.14,-0.53],[31.15,-0.53],[31.15,-0.52],[31.15,-0.51],[31.15,-0.5],[31.15,-0.49],[31.15,-0.48],[31.15,-0.47],[31.15,-0.46],[31.15,-0.45],[31.15,-0.44],[31.15,-0.43],[31.14,-0.42],[31.13,-0.42],[31.12,-0.4],[31.12,-0.39],[31.12,-0.38],[31.12,-0.37],[31.11,-0.37],[31.11,-0.36],[31.1,-0.34],[31.09,-0.32],[31.09,-0.31],[31.08,-0.3],[31.08,-0.29],[31.08,-0.28],[31.07,-0.27],[31.07,-0.26],[31.07,-0.25],[31.07,-0.24],[31.07,-0.23],[31.07,-0.22],[31.07,-0.21],[31.07,-0.2],[31.08,-0.2],[31.08,-0.19],[31.08,-0.18],[31.08,-0.17],[31.09,-0.17],[31.09,-0.16],[31.09,-0.15],[31.09,-0.14],[31.09,-0.13],[31.1,-0.13],[31.1,-0.12],[31.1,-0.11],[31.1,-0.1],[31.1,-0.09],[31.1,-0.08],[31.1,-0.07],[31.1,-0.06],[31.1,-0.05],[31.09,-0.05],[31.09,-0.04],[31.09,-0.03],[31.08,-0.03],[31.08,-0.02],[31.07,-0.02],[31.07,-0.03],[31.06,-0.03],[31.05,-0.02],[31.04,-0.03],[31.03,-0.03],[31.02,-0.02],[31.03,-0.02],[31.03,-0.01],[31.03,-0.0],[31.04,-0.0],[31.04,0.01],[31.05,0.01],[31.06,0.01],[31.06,0.02],[31.06,0.03],[31.06,0.04],[31.05,0.04],[31.06,0.04],[31.06,0.05],[31.05,0.05],[31.05,0.06],[31.06,0.06],[31.05,0.06],[31.05,0.07],[31.05,0.08],[31.05,0.09],[31.05,0.08],[31.05,0.09],[31.04,0.09],[31.04,0.1],[31.05,0.1],[31.05,0.11],[31.05,0.12],[31.06,0.12],[31.05,0.12],[31.05,0.13],[31.05,0.14],[31.05,0.15],[31.04,0.15],[31.03,0.15],[31.03,0.16],[31.02,0.17],[31.02,0.18],[31.01,0.18],[31.01,0.19],[31.01,0.2],[31.02,0.2],[31.02,0.21],[31.03,0.21],[31.03,0.22],[31.02,0.22],[31.02,0.23],[31.03,0.23],[31.03,0.24],[31.04,0.24],[31.04,0.25],[31.05,0.25],[31.06,0.26],[31.06,0.27],[31.07,0.27],[31.08,0.28],[31.09,0.28],[31.09,0.29],[31.1,0.29],[31.1,0.3],[31.11,0.3],[31.11,0.31],[31.12,0.31],[31.12,0.32],[31.12,0.33],[31.13,0.33],[31.13,0.34],[31.14,0.34],[31.14,0.35],[31.14,0.36],[31.14,0.37],[31.13,0.37],[31.14,0.37],[31.13,0.37],[31.13,0.38],[31.12,0.38],[31.12,0.39],[31.12,0.4],[31.12,0.41],[31.11,0.41],[31.11,0.42],[31.12,0.42],[31.12,0.43],[31.12,0.44],[31.13,0.44],[31.13,0.45],[31.14,0.45],[31.14,0.46],[31.14,0.47],[31.14,0.48],[31.14,0.49],[31.14,0.5],[31.14,0.51],[31.15,0.51],[31.16,0.51],[31.17,0.51],[31.18,0.51],[31.19,0.51],[31.2,0.51],[31.21,0.51],[31.21,0.52],[31.22,0.52],[31.23,0.52],[31.24,0.52],[31.24,0.53],[31.25,0.53],[31.24,0.54],[31.24,0.55],[31.25,0.55],[31.25,0.56],[31.26,0.57],[31.26,0.58],[31.26,0.59],[31.25,0.6],[31.25,0.61],[31.24,0.61],[31.24,0.62],[31.23,0.62],[31.22,0.63],[31.21,0.63],[31.22,0.64],[31.23,0.64],[31.24,0.64],[31.24,0.65],[31.24,0.66],[31.25,0.66],[31.25,0.67],[31.26,0.67],[31.26,0.68],[31.27,0.68],[31.27,0.69],[31.27,0.7],[31.28,0.7],[31.28,0.71],[31.29,0.71],[31.29,0.72],[31.29,0.73],[31.29,0.74],[31.3,0.74],[31.31,0.74],[31.31,0.73],[31.32,0.73],[31.33,0.73],[31.33,0.72],[31.34,0.72],[31.35,0.72],[31.35,0.71],[31.36,0.71],[31.37,0.71],[31.38,0.71],[31.38,0.72],[31.39,0.72],[31.39,0.73],[31.39,0.74],[31.4,0.74],[31.4,0.75],[31.41,0.74],[31.41,0.75],[31.41,0.76],[31.41,0.77],[31.4,0.79],[31.4,0.8],[31.4,0.81],[31.41,0.81],[31.42,0.81],[31.42,0.82],[31.43,0.82],[31.44,0.82],[31.44,0.83],[31.44,0.84],[31.44,0.85],[31.44,0.86],[31.45,0.86],[31.45,0.87],[31.45,0.88],[31.45,0.89],[31.45,0.9],[31.45,0.91],[31.45,0.9],[31.44,0.9],[31.44,0.91],[31.45,0.91],[31.44,0.91],[31.44,0.92],[31.43,0.92],[31.43,0.93],[31.43,0.94],[31.43,0.95],[31.44,0.95],[31.44,0.96],[31.45,0.96],[31.46,0.96],[31.46,0.97],[31.47,0.97],[31.48,0.97],[31.48,0.98],[31.49,0.98],[31.49,0.99],[31.5,0.99],[31.51,0.99],[31.51,1.0],[31.52,1.0],[31.52,1.01],[31.53,1.01],[31.53,1.02],[31.53,1.03],[31.52,1.04],[31.51,1.04],[31.51,1.05],[31.5,1.05],[31.5,1.06],[31.5,1.05],[31.5,1.06],[31.49,1.06],[31.48,1.06],[31.48,1.07],[31.47,1.08],[31.46,1.08],[31.46,1.09],[31.45,1.1],[31.45,1.11],[31.44,1.11],[31.44,1.12],[31.43,1.12],[31.43,1.13],[31.42,1.13],[31.42,1.14],[31.42,1.15],[31.42,1.16],[31.41,1.16],[31.4,1.16],[31.4,1.17],[31.39,1.17],[31.39,1.16],[31.38,1.16],[31.37,1.16],[31.37,1.17],[31.36,1.17],[31.35,1.17],[31.35,1.18],[31.34,1.18],[31.34,1.19],[31.33,1.19],[31.33,1.2],[31.32,1.2],[31.31,1.2],[31.3,1.2],[31.3,1.21],[31.29,1.21],[31.3,1.22],[31.31,1.23],[31.31,1.24],[31.32,1.24],[31.33,1.24],[31.34,1.24],[31.35,1.24],[31.36,1.24],[31.37,1.24],[31.37,1.25],[31.38,1.26],[31.39,1.27],[31.4,1.27],[31.41,1.27],[31.42,1.27],[31.43,1.27],[31.44,1.27],[31.45,1.28],[31.46,1.28],[31.46,1.29],[31.46,1.3],[31.45,1.3],[31.46,1.3],[31.46,1.31],[31.47,1.31],[31.48,1.32],[31.49,1.32],[31.49,1.33],[31.5,1.33],[31.51,1.34],[31.51,1.35],[31.52,1.35],[31.52,1.36],[31.53,1.36],[31.53,1.37],[31.54,1.37],[31.54,1.36],[31.54,1.37],[31.55,1.37],[31.56,1.37],[31.57,1.37],[31.57,1.36],[31.58,1.36],[31.59,1.36],[31.59,1.35],[31.6,1.35],[31.61,1.35],[31.61,1.34],[31.61,1.35],[31.62,1.35],[31.62,1.34],[31.62,1.35],[31.63,1.35],[31.64,1.35],[31.65,1.35],[31.66,1.35],[31.67,1.35],[31.67,1.34],[31.68,1.34],[31.69,1.34],[31.7,1.34],[31.71,1.34],[31.71,1.33],[31.72,1.34],[31.72,1.33],[31.72,1.34],[31.72,1.33],[31.73,1.33],[31.74,1.33],[31.75,1.33],[31.76,1.33],[31.76,1.34],[31.77,1.34],[31.77,1.35],[31.78,1.35],[31.79,1.35],[31.79,1.36],[31.8,1.36],[31.81,1.36],[31.82,1.36],[31.83,1.36],[31.83,1.37],[31.84,1.37],[31.85,1.37],[31.85,1.38],[31.86,1.39],[31.86,1.4],[31.87,1.4],[31.87,1.41],[31.87,1.42],[31.88,1.42],[31.88,1.43],[31.89,1.43],[31.89,1.42],[31.89,1.43],[31.9,1.43],[31.9,1.44],[31.91,1.44],[31.91,1.45],[31.92,1.45],[31.93,1.45],[31.93,1.46],[31.94,1.46],[31.95,1.46],[31.96,1.46],[31.96,1.47],[31.96,1.46],[31.97,1.46],[31.97,1.47],[31.97,1.48],[31.97,1.49],[31.97,1.5],[31.98,1.5],[31.97,1.5],[31.97,1.51],[31.98,1.51],[31.99,1.51],[31.98,1.51],[31.98,1.52],[31.99,1.52],[31.99,1.53],[32.0,1.53],[32.0,1.54],[32.0,1.55],[32.0,1.54],[32.01,1.54],[32.02,1.54],[32.02,1.55],[32.03,1.54],[32.03,1.55],[32.04,1.55],[32.04,1.54],[32.04,1.55],[32.05,1.55],[32.05,1.56],[32.05,1.57],[32.06,1.57],[32.06,1.58],[32.07,1.58],[32.07,1.59],[32.08,1.59],[32.09,1.59],[32.09,1.6],[32.09,1.61],[32.08,1.61],[32.08,1.62],[32.09,1.62],[32.09,1.63],[32.08,1.64],[32.09,1.64],[32.09,1.65],[32.09,1.66],[32.09,1.67],[32.1,1.67],[32.1,1.68],[32.1,1.69],[32.1,1.7],[32.09,1.7],[32.1,1.71],[32.1,1.72],[32.1,1.73],[32.11,1.74],[32.11,1.75],[32.12,1.75],[32.13,1.75],[32.14,1.75],[32.14,1.76],[32.15,1.76],[32.15,1.77],[32.16,1.77],[32.16,1.78],[32.17,1.78],[32.18,1.78],[32.19,1.78],[32.2,1.78],[32.21,1.78],[32.21,1.79],[32.22,1.8],[32.22,1.79],[32.23,1.79],[32.24,1.79],[32.24,1.8],[32.25,1.8],[32.26,1.81],[32.27,1.81],[32.28,1.81],[32.28,1.82],[32.28,1.83],[32.27,1.83],[32.28,1.83],[32.28,1.84],[32.29,1.84],[32.3,1.84],[32.31,1.84],[32.31,1.85],[32.32,1.85],[32.33,1.85],[32.34,1.85],[32.34,1.86],[32.34,1.87],[32.34,1.88],[32.34,1.89],[32.34,1.9],[32.34,1.91],[32.34,1.92],[32.34,1.93],[32.35,1.93],[32.35,1.94],[32.36,1.94],[32.36,1.95],[32.36,1.96],[32.35,1.96],[32.34,1.96],[32.33,1.96],[32.33,1.97],[32.34,1.98],[32.34,1.99],[32.34,2.0],[32.34,2.01],[32.34,2.02],[32.34,2.03],[32.34,2.04],[32.35,2.05],[32.35,2.06],[32.35,2.07],[32.35,2.08],[32.34,2.08],[32.34,2.09],[32.34,2.1],[32.33,2.1],[32.33,2.11],[32.33,2.12],[32.33,2.13],[32.32,2.14],[32.32,2.15],[32.32,2.16],[32.32,2.17],[32.32,2.18],[32.32,2.19],[32.32,2.2],[32.31,2.2],[32.31,2.21],[32.3,2.22],[32.29,2.22],[32.29,2.23],[32.29,2.24],[32.28,2.24],[32.28,2.25],[32.27,2.25],[32.26,2.25],[32.26,2.26],[32.25,2.26],[32.25,2.25],[32.24,2.25],[32.24,2.24],[32.24,2.25],[32.23,2.25],[32.22,2.25],[32.21,2.24],[32.21,2.23],[32.2,2.23],[32.19,2.23],[32.19,2.22],[32.18,2.22],[32.17,2.22],[32.16,2.22],[32.15,2.22],[32.15,2.23],[32.14,2.23],[32.14,2.24],[32.13,2.24],[32.13,2.25],[32.12,2.25],[32.11,2.25],[32.1,2.25],[32.09,2.25],[32.09,2.26],[32.08,2.27],[32.07,2.27],[32.07,2.28],[32.06,2.28],[32.05,2.28],[32.05,2.29],[32.04,2.29],[32.04,2.28],[32.03,2.28],[32.02,2.28],[32.02,2.29],[32.02,2.3],[32.02,2.31],[32.01,2.31],[32.0,2.31],[31.99,2.31],[31.99,2.32],[31.98,2.32],[31.98,2.33],[31.97,2.33],[31.96,2.33],[31.96,2.34],[31.95,2.34],[31.94,2.34],[31.94,2.35],[31.93,2.35],[31.93,2.36],[31.92,2.36],[31.92,2.37],[31.91,2.37],[31.91,2.36],[31.9,2.36],[31.9,2.37],[31.9,2.36],[31.89,2.36],[31.89,2.37],[31.88,2.37],[31.88,2.36],[31.87,2.36],[31.86,2.37],[31.85,2.37],[31.85,2.36],[31.84,2.36],[31.84,2.37],[31.83,2.37],[31.82,2.37],[31.82,2.36],[31.81,2.36],[31.8,2.36],[31.8,2.35],[31.79,2.35],[31.79,2.34],[31.78,2.34],[31.78,2.33],[31.77,2.33],[31.76,2.32],[31.76,2.31],[31.75,2.31],[31.75,2.3],[31.74,2.3],[31.73,2.3],[31.73,2.29],[31.72,2.29],[31.71,2.29],[31.7,2.29],[31.7,2.28],[31.69,2.28],[31.68,2.28],[31.67,2.28],[31.67,2.27],[31.66,2.27],[31.66,2.26],[31.66,2.27],[31.65,2.27],[31.65,2.26],[31.64,2.26],[31.63,2.26],[31.63,2.27],[31.62,2.27],[31.61,2.27],[31.6,2.27],[31.6,2.28],[31.59,2.28],[31.58,2.28],[31.58,2.29],[31.57,2.29],[31.56,2.29],[31.55,2.29],[31.55,2.28],[31.54,2.28],[31.54,2.27],[31.54,2.28],[31.54,2.27],[31.54,2.28],[31.53,2.27],[31.53,2.26],[31.52,2.26],[31.51,2.25],[31.5,2.25],[31.49,2.25],[31.48,2.25],[31.48,2.24],[31.47,2.23],[31.46,2.23],[31.45,2.23],[31.44,2.23],[31.44,2.24],[31.43,2.24],[31.42,2.24],[31.41,2.24],[31.4,2.24],[31.39,2.24],[31.38,2.24],[31.38,2.25],[31.37,2.25],[31.36,2.25]]]}}]}